TC005486_001	Melitaea_cinxia.ENSMCXP00005005355.1	OG0005187:	H	13793at7088	M7
TC010331_001	Melitaea_cinxia.ENSMCXP00005003048.1	OG0005993:	D	9169at7088	M4
TC032034_001	Melitaea_cinxia.ENSMCXP00005014678.1	OG0005675:	Ea	9458at7088	M16
TC030639_001	Melitaea_cinxia.ENSMCXP00005020467.1	OG0006185:	H	9442at7088	M15
TC013715_001	Melitaea_cinxia.ENSMCXP00005012301.1	OG0003522:	M	3241at7088	M1
TC033717_001	Melitaea_cinxia.ENSMCXP00005011928.1	OG0007763:	J2	15435at7088	M19
TC012217_001	Melitaea_cinxia.ENSMCXP00005006494.1	OG0007599:	L	13710at7088	M24
TC032939_001	Melitaea_cinxia.ENSMCXP00005019109.1	OG0006130:	K	328at7088	M15
TC033362_001	Melitaea_cinxia.ENSMCXP00005006893.1	OG0008344:	A2	1390at7088	M29
TC007920_001	Melitaea_cinxia.ENSMCXP00005009304.1	OG0003753:	O1	14349at7088	M8
TC009432_001	Melitaea_cinxia.ENSMCXP00005026092.1	OG0006621:	C1	10816at7088	M10
TC010709_001	Melitaea_cinxia.ENSMCXP00005005691.1	OG0003609:	F	1530at7088	M8
TC012418_001	Melitaea_cinxia.ENSMCXP00005016984.1	OG0004542:	I	2384at7088	M12
TC005345_001	Melitaea_cinxia.ENSMCXP00005012800.1	OG0007793:	L	3314at7088	M19
TC004960_001	Melitaea_cinxia.ENSMCXP00005027978.1	OG0005848:	C1	7002at7088	M22
TC004734_001	Melitaea_cinxia.ENSMCXP00005016711.1	OG0007358:	B1	8881at7088	M13
TC000880_001	Melitaea_cinxia.ENSMCXP00005016419.1	OG0004526:	Qd	2761at7088	M12
TC033331_001	Melitaea_cinxia.ENSMCXP00005007378.1	OG0003251:	B1	33at7088	M1
TC004394_001	Melitaea_cinxia.ENSMCXP00005027789.1	OG0004891:	G	4212at7088	M6
TC012312_001	Melitaea_cinxia.ENSMCXP00005004762.1	OG0004736:	F	4306at7088	M5
TC003996_001	Melitaea_cinxia.ENSMCXP00005005050.1	OG0008108:	Qa	8620at7088	M30
TC002297_001	Melitaea_cinxia.ENSMCXP00005026086.1	OG0007197:	C1	3187at7088	M14
TC004697_001	Melitaea_cinxia.ENSMCXP00005020221.1	OG0007454:	A2	933at7088	M13
TC034732_001	Melitaea_cinxia.ENSMCXP00005025886.1	OG0007186:	G	1076at7088	M14
TC010769_001	Melitaea_cinxia.ENSMCXP00005021545.1	OG0002470:	L	4449at7088	MZ
TC015653_001	Melitaea_cinxia.ENSMCXP00005027790.1	OG0007261:	G	3323at7088	M14
TC015522_001	Melitaea_cinxia.ENSMCXP00005016143.1	OG0007343:	Ea	7194at7088	M13
TC030907_001	Melitaea_cinxia.ENSMCXP00005011353.1	OG0004006:	L	10827at7088	M3
TC006312_001	Melitaea_cinxia.ENSMCXP00005004609.1	OG0004727:	C1	15223at7088	M5
TC005506_001	Melitaea_cinxia.ENSMCXP00005021576.1	OG0006238:	K	3276at7088	M15
TC009913_001	Melitaea_cinxia.ENSMCXP00005027588.1	OG0006691:	C1	7956at7088	M10
TC004359_001	Melitaea_cinxia.ENSMCXP00005026570.1	OG0006641:	J2	2054at7088	M10
TC000456_001	Melitaea_cinxia.ENSMCXP00005023270.1	OG0005795:	R	8384at7088	M22
TC011710_001	Melitaea_cinxia.ENSMCXP00005021004.1	OG0004292:	L	12184at7088	M9
TC007940_001	Melitaea_cinxia.ENSMCXP00005005676.1	OG0004772:	A1a	5130at7088	M5
TC032014_001	Melitaea_cinxia.ENSMCXP00005014932.1	OG0005681:	K	2163at7088	M16
TC015913_001	Melitaea_cinxia.ENSMCXP00005017997.1	OG0007874:	D	7117at7088	M19
TC030724_001	Melitaea_cinxia.ENSMCXP00005007270.1	OG0003243:	N	1927at7088	M1
TC004434_001	Melitaea_cinxia.ENSMCXP00005013447.1	OG0004404:	B2	11923at7088	M12
TC009471_001	Melitaea_cinxia.ENSMCXP00005012396.1	OG0002594:	N	210at7088	M2
TC010849_001	Melitaea_cinxia.ENSMCXP00005016198.1	OG0002794:	C1	6951at7088	M2
TC012356_001	Melitaea_cinxia.ENSMCXP00005018303.1	OG0007411:	B2	2451at7088	M13
TC014413_001	Melitaea_cinxia.ENSMCXP00005028580.1	OG0007293:	M	5672at7088	M1
TC003222_001	Melitaea_cinxia.ENSMCXP00005009632.1	OG0005321:	H	2169at7088	M7
TC005572_001	Melitaea_cinxia.ENSMCXP00005024311.1	OG0006348:	K	2182at7088	M15
TC008998_001	Melitaea_cinxia.ENSMCXP00005016107.1	OG0006840:	A1a	5539at7088	M11
TC009502_001	Melitaea_cinxia.ENSMCXP00005024220.1	OG0008266:	B2	8718at7088	M25
TC002957_001	Melitaea_cinxia.ENSMCXP00005017616.1	OG0002345:	O1	639at7088	MZ
TC012664_001	Melitaea_cinxia.ENSMCXP00005022637.1	OG0004344:	L	8282at7088	M9
TC002968_001	Melitaea_cinxia.ENSMCXP00005006645.1	OG0003218:	B3	4368at7088	M1
TC009532_001	Melitaea_cinxia.ENSMCXP00005010604.1	OG0007717:	D	609at7088	M19
TC034281_001	Melitaea_cinxia.ENSMCXP00005012112.1	OG0002576:	A1a	384at7088	M2
TC008879_001	Melitaea_cinxia.ENSMCXP00005024410.1	OG0006556:	L	3313at7088	M10
TC005315_001	Melitaea_cinxia.ENSMCXP00005019769.1	OG0006152:	Qc	2456at7088	M15
TC015785_001	Melitaea_cinxia.ENSMCXP00005006005.1	OG0005216:	Ea	12990at7088	M7
TC010470_001	Melitaea_cinxia.ENSMCXP00005017987.1	OG0004144:	Qd	3998at7088	M9
TC003900_001	Melitaea_cinxia.ENSMCXP00005029535.1	OG0005044:	G	963at7088	M6
TC005815_001	Melitaea_cinxia.ENSMCXP00005004892.1	OG0005165:	H	4821at7088	M7
TC015179_001	Melitaea_cinxia.ENSMCXP00005002466.1	OG0004684:	P	8370at7088	M5
TC007703_001	Melitaea_cinxia.ENSMCXP00005006469.1	OG0004801:	A1a	9102at7088	M5
TC000127_001	Melitaea_cinxia.ENSMCXP00005004696.1	OG0006064:	H	11350at7088	M4
TC008312_001	Melitaea_cinxia.ENSMCXP00005028956.1	OG0004956:	H	11810at7088	M6
TC014465_001	Melitaea_cinxia.ENSMCXP00005008015.1	OG0003288:	N	3821at7088	M1
TC032340_001	Melitaea_cinxia.ENSMCXP00005020717.1	OG0002456:	M	10948at7088	MZ
TC001670_001	Melitaea_cinxia.ENSMCXP00005029020.1	OG0004966:	B1	8738at7088	M6
TC007209_001	Melitaea_cinxia.ENSMCXP00005004722.1	OG0004734:	A1b	10940at7088	M5
TC015328_001	Melitaea_cinxia.ENSMCXP00005025648.1	OG0007174:	G	12893at7088	M14
TC012678_001	Melitaea_cinxia.ENSMCXP00005012919.1	OG0003548:	J2	5674at7088	M1
TC000057_001	Melitaea_cinxia.ENSMCXP00005002720.1	OG0005976:	H	9840at7088	M4
TC006662_001	Melitaea_cinxia.ENSMCXP00005029250.1	OG0004994:	P	4420at7088	M6
TC012860_001	Melitaea_cinxia.ENSMCXP00005009896.1	OG0003937:	P	11608at7088	M3
TC013062_001	Melitaea_cinxia.ENSMCXP00005008673.1	OG0003333:	D	9260at7088	M1
TC001057_001	Melitaea_cinxia.ENSMCXP00005014863.1	OG0004465:	Qa	12154at7088	M12
TC002995_001	Melitaea_cinxia.ENSMCXP00005020171.1	OG0002444:	M	5443at7088	MZ
TC005228_001	Melitaea_cinxia.ENSMCXP00005009384.1	OG0005514:	O1	1479at7088	M16
TC007348_001	Melitaea_cinxia.ENSMCXP00005006759.1	OG0003659:	F	4487at7088	M8
TC001197_001	Melitaea_cinxia.ENSMCXP00005010181.1	OG0005525:	A2	4858at7088	M16
TC000355_001	Melitaea_cinxia.ENSMCXP00005025005.1	OG0005817:	C1	13166at7088	M22
TC010805_001	Melitaea_cinxia.ENSMCXP00005014998.1	OG0002742:	C1	332at7088	M2
TC014438_002	Melitaea_cinxia.ENSMCXP00005012815.1	OG0003543:	D	1304at7088	M1
TC014710_001	Melitaea_cinxia.ENSMCXP00005011953.1	OG0003506:	B3	26at7088	M1
TC011974_001	Melitaea_cinxia.ENSMCXP00005027822.1	OG0004893:	H	13527at7088	M6
TC015064_001	Melitaea_cinxia.ENSMCXP00005028597.1	OG0007944:	B1	11811at7088	M31
TC001073_001	Melitaea_cinxia.ENSMCXP00005013977.1	OG0005658:	K	3964at7088	M16
TC004604_001	Melitaea_cinxia.ENSMCXP00005004114.1	OG0003093:	J2	10952at7088	M17
TC012374_001	Melitaea_cinxia.ENSMCXP00005011227.1	OG0003998:	H	5219at7088	M3
TC006550_001	Melitaea_cinxia.ENSMCXP00005002722.1	OG0005074:	H	10398at7088	M7
TC001572_001	Melitaea_cinxia.ENSMCXP00005003280.1	OG0003053:	A1a	8636at7088	M20
TC003883_001	Melitaea_cinxia.ENSMCXP00005005218.1	OG0006082:	J2	7813at7088	M4
TC003838_001	Melitaea_cinxia.ENSMCXP00005011891.1	OG0004027:	K	14072at7088	M3
TC000986_001	Melitaea_cinxia.ENSMCXP00005003249.1	OG0003051:	M	6606at7088	M20
TC011012_001	Melitaea_cinxia.ENSMCXP00005022376.1	OG0005761:	C1	12618at7088	M22
TC006782_001	Melitaea_cinxia.ENSMCXP00005028653.1	OG0006721:	H	11656at7088	M7
TC011978_001	Melitaea_cinxia.ENSMCXP00005019651.1	OG0004223:	L	7642at7088	M9
TC012724_001	Melitaea_cinxia.ENSMCXP00005019632.1	OG0004221:	L	11803at7088	M9
TC014310_001	Melitaea_cinxia.ENSMCXP00005011737.1	OG0003499:	B3	1514at7088	M1
TC013536_001	Melitaea_cinxia.ENSMCXP00005022299.1	OG0005759:	C1	12792at7088	M22
TC011288_001	Melitaea_cinxia.ENSMCXP00005014679.1	OG0004455:	Qa	724at7088	M12
TC002425_001	Melitaea_cinxia.ENSMCXP00005026480.1	OG0006638:	O2	7377at7088	M10
TC004764_001	Melitaea_cinxia.ENSMCXP00005020104.1	OG0002442:	F	96at7088	MZ
TC004758_001	Melitaea_cinxia.ENSMCXP00005014198.1	OG0002693:	J1	2158at7088	M2
TC004293_001	Melitaea_cinxia.ENSMCXP00005027232.1	OG0004866:	P	12773at7088	M6
TC013716_001	Melitaea_cinxia.ENSMCXP00005005881.1	OG0003171:	N	47at7088	M17
TC010496_001	Melitaea_cinxia.ENSMCXP00005020501.1	OG0004265:	L	890at7088	M9
TC013078_001	Melitaea_cinxia.ENSMCXP00005029394.1	OG0005011:	P	10396at7088	M6
TC014918_001	Melitaea_cinxia.ENSMCXP00005001579.1	OG0002942:	B1	13724at7088	M20
TC013994_001	Melitaea_cinxia.ENSMCXP00005017544.1	OG0007382:	L	4723at7088	M13
TC005628_001	Melitaea_cinxia.ENSMCXP00005008468.1	OG0005306:	H	14369at7088	M7
TC003020_001	Melitaea_cinxia.ENSMCXP00005022591.1	OG0008168:	A2	4549at7088	M27
TC002792_001	Melitaea_cinxia.ENSMCXP00005022269.1	OG0002484:	F	2938at7088	MZ
TC010871_001	Melitaea_cinxia.ENSMCXP00005012650.1	OG0002610:	C1	8986at7088	M2
TC005612_001	Melitaea_cinxia.ENSMCXP00005006756.1	OG0005251:	H	9224at7088	M7
TC002712_001	Melitaea_cinxia.ENSMCXP00005003192.1	OG0003046:	D	3885at7088	M4
TC030686_001	Melitaea_cinxia.ENSMCXP00005000825.1	OG0002900:	P	2775at7088	M17
TC015377_001	Melitaea_cinxia.ENSMCXP00005008078.1	OG0008360:	O1	335at7088	M29
TC014214_001	Melitaea_cinxia.ENSMCXP00005027898.1	OG0005847:	C1	10983at7088	M22
TC004712_001	Melitaea_cinxia.ENSMCXP00005003458.1	OG0004709:	R	899at7088	M5
TC005736_001	Melitaea_cinxia.ENSMCXP00005005961.1	OG0005215:	H	6352at7088	M7
TC010380_001	Melitaea_cinxia.ENSMCXP00005001190.1	OG0005909:	D	13008at7088	M4
TC006412_001	Melitaea_cinxia.ENSMCXP00005006071.1	OG0005220:	H	3198at7088	M7
TC031766_001	Melitaea_cinxia.ENSMCXP00005012064.1	OG0004033:	B1	1873at7088	M3
TC000469_001	Melitaea_cinxia.ENSMCXP00005013117.1	OG0005631:	K	5031at7088	M16
TC014568_001	Melitaea_cinxia.ENSMCXP00005001197.1	OG0002921:	N	566at7088	M17
TC007079_001	Melitaea_cinxia.ENSMCXP00005007499.1	OG0003693:	F	14231at7088	M8
TC006738_001	Melitaea_cinxia.ENSMCXP00005009245.1	OG0005314:	H	11214at7088	M7
TC006709_001	Melitaea_cinxia.ENSMCXP00005029160.1	OG0004979:	G	5668at7088	M6
TC030904_001	Melitaea_cinxia.ENSMCXP00005009804.1	OG0008375:	A1b	15808at7088	M29
TC004803_001	Melitaea_cinxia.ENSMCXP00005021503.1	OG0005737:	C1	5251at7088	M22
TC033432_001	Melitaea_cinxia.ENSMCXP00005025430.1	OG0007165:	G	8988at7088	M14
TC011043_001	Melitaea_cinxia.ENSMCXP00005012451.1	OG0005615:	K	2930at7088	M16
TC014936_001	Melitaea_cinxia.ENSMCXP00005012589.1	OG0002607:	D	5798at7088	M2
TC000619_001	Melitaea_cinxia.ENSMCXP00005015772.1	OG0004501:	K	14335at7088	M12
TC012417_001	Melitaea_cinxia.ENSMCXP00005010739.1	OG0003971:	G	13134at7088	M3
TC002857_001	Melitaea_cinxia.ENSMCXP00005022398.1	OG0008226:	B2	4625at7088	M25
TC010167_001	Melitaea_cinxia.ENSMCXP00005025316.1	OG0008284:	B2	5266at7088	M25
TC031721_001	Melitaea_cinxia.ENSMCXP00005022633.1	OG0005773:	C1	103at7088	M22
TC033818_001	Melitaea_cinxia.ENSMCXP00005027404.1	OG0006681:	C1	6823at7088	M10
TC013194_001	Melitaea_cinxia.ENSMCXP00005014635.1	OG0003574:	J2	11699at7088	M1
TC012162_001	Melitaea_cinxia.ENSMCXP00005002549.1	OG0004687:	A1a	695at7088	M5
TC009817_001	Melitaea_cinxia.ENSMCXP00005018344.1	OG0006931:	A1a	84at7088	M11
TC009086_001	Melitaea_cinxia.ENSMCXP00005024903.1	OG0006578:	D	8900at7088	M10
TC015856_001	Melitaea_cinxia.ENSMCXP00005006812.1	OG0008343:	A1a	7156at7088	M29
TC030546_001	Melitaea_cinxia.ENSMCXP00005013093.1	OG0006484:	M	2788at7088	M21
TC012875_001	Melitaea_cinxia.ENSMCXP00005011041.1	OG0003989:	G	4383at7088	M3
TC005983_001	Melitaea_cinxia.ENSMCXP00005021155.1	OG0006216:	K	2313at7088	M15
TC011087_001	Melitaea_cinxia.ENSMCXP00005015355.1	OG0004485:	Qa	464at7088	M12
TC015300_001	Melitaea_cinxia.ENSMCXP00005010553.1	OG0003441:	G	627at7088	M1
TC033411_002	Melitaea_cinxia.ENSMCXP00005011618.1	OG0003496:	F	34at7088	M1
TC014047_001	Melitaea_cinxia.ENSMCXP00005008288.1	OG0003727:	P	4322at7088	M8
TC012345_001	Melitaea_cinxia.ENSMCXP00005010366.1	OG0003959:	H	186at7088	M3
TC009927_001	Melitaea_cinxia.ENSMCXP00005015888.1	OG0006830:	A1a	6614at7088	M11
TC001003_001	Melitaea_cinxia.ENSMCXP00005023719.1	OG0005804:	C1	8172at7088	M22
TC015216_001	Melitaea_cinxia.ENSMCXP00005013957.1	OG0006738:	L	4812at7088	M11
TC008061_001	Melitaea_cinxia.ENSMCXP00005002488.1	OG0004685:	A1a	3167at7088	M5
TC004435_001	Melitaea_cinxia.ENSMCXP00005016752.1	OG0004537:	B2	6332at7088	M12
TC005830_001	Melitaea_cinxia.ENSMCXP00005022015.1	OG0006249:	Qa	652at7088	M15
TC003307_001	Melitaea_cinxia.ENSMCXP00005000284.1	OG0005867:	H	8817at7088	M4
TC007680_001	Melitaea_cinxia.ENSMCXP00005007426.1	OG0003687:	F	9519at7088	M8
TC012831_001	Melitaea_cinxia.ENSMCXP00005019054.1	OG0004196:	A1a	6486at7088	M9
TC008403_001	Melitaea_cinxia.ENSMCXP00005005108.1	OG0004753:	A1a	8862at7088	M5
TC015021_001	Melitaea_cinxia.ENSMCXP00005004440.1	OG0003113:	B1	3433at7088	M17
TC004558_001	Melitaea_cinxia.ENSMCXP00005006879.1	OG0004808:	B2	11669at7088	M5
TC000403_001	Melitaea_cinxia.ENSMCXP00005007587.1	OG0003697:	O1	4864at7088	M8
TC005900_001	Melitaea_cinxia.ENSMCXP00005022702.1	OG0006286:	B1	12293at7088	M15
TC006775_001	Melitaea_cinxia.ENSMCXP00005018922.1	OG0006125:	K	3929at7088	M15
TC034013_001	Melitaea_cinxia.ENSMCXP00005023136.1	OG0006301:	J1	4377at7088	M15
TC009596_001	Melitaea_cinxia.ENSMCXP00005012337.1	OG0007775:	J2	14069at7088	M19
TC030614_001	Melitaea_cinxia.ENSMCXP00005021871.1	OG0006246:	P	8874at7088	M15
TC011042_001	Melitaea_cinxia.ENSMCXP00005012689.1	OG0005622:	K	8440at7088	M16
TC001277_001	Melitaea_cinxia.ENSMCXP00005005927.1	OG0003173:	M	12442at7088	M20
TC015747_001	Melitaea_cinxia.ENSMCXP00005004514.1	OG0008314:	F	805at7088	M29
TC003160_001	Melitaea_cinxia.ENSMCXP00005000610.1	OG0005876:	G	3567at7088	M4
TC033610_001	Melitaea_cinxia.ENSMCXP00005025179.1	OG0006593:	C1	1959at7088	M10
TC008834_001	Melitaea_cinxia.ENSMCXP00005016630.1	OG0006856:	A1a	1600at7088	M11
TC004983_001	Melitaea_cinxia.ENSMCXP00005024534.1	OG0006355:	J2	1388at7088	M15
TC005512_001	Melitaea_cinxia.ENSMCXP00005004997.1	OG0005170:	H	1324at7088	M7
TC002423_001	Melitaea_cinxia.ENSMCXP00005002600.1	OG0005972:	J2	193at7088	M4
TC012172_001	Melitaea_cinxia.ENSMCXP00005018845.1	OG0004183:	I	3925at7088	M9
TC005583_001	Melitaea_cinxia.ENSMCXP00005022239.1	OG0006263:	K	7789at7088	M15
TC004358_001	Melitaea_cinxia.ENSMCXP00005000517.1	OG0002884:	D	11764at7088	M20
TC011830_001	Melitaea_cinxia.ENSMCXP00005027551.1	OG0007249:	I	871at7088	M14
TC003697_001	Melitaea_cinxia.ENSMCXP00005001195.1	OG0005910:	H	2835at7088	M4
TC007859_001	Melitaea_cinxia.ENSMCXP00005006280.1	OG0004791:	F	1306at7088	M5
TC031338_001	Melitaea_cinxia.ENSMCXP00005002957.1	OG0003030:	O2	206at7088	M20
TC014197_001	Melitaea_cinxia.ENSMCXP00005022938.1	OG0005781:	G	14314at7088	M22
TC034449_001	Melitaea_cinxia.ENSMCXP00005018565.1	OG0004166:	L	4223at7088	M9
TC009491_001	Melitaea_cinxia.ENSMCXP00005025251.1	OG0006596:	Eb	2668at7088	M10
TC005597_001	Melitaea_cinxia.ENSMCXP00005020515.1	OG0006187:	J1	6186at7088	M15
TC005573_001	Melitaea_cinxia.ENSMCXP00005004334.1	OG0005138:	H	8247at7088	M7
TC032667_001	Melitaea_cinxia.ENSMCXP00005019601.1	OG0002429:	D	781at7088	MZ
TC013782_001	Melitaea_cinxia.ENSMCXP00005000048.1	OG0002859:	B1	1881at7088	M20
TC000182_001	Melitaea_cinxia.ENSMCXP00005027040.1	OG0005835:	C1	2687at7088	M22
TC005832_001	Melitaea_cinxia.ENSMCXP00005008014.1	OG0005292:	H	511at7088	M7
TC033009_001	Melitaea_cinxia.ENSMCXP00005012680.1	OG0003540:	P	2449at7088	M1
TC014087_001	Melitaea_cinxia.ENSMCXP00005006992.1	OG0003228:	B3	495at7088	M1
TC001756_001	Melitaea_cinxia.ENSMCXP00005015764.1	OG0002776:	C1	12815at7088	M2
TC002980_001	Melitaea_cinxia.ENSMCXP00005019569.1	OG0007443:	L	1564at7088	M13
TC012816_001	Melitaea_cinxia.ENSMCXP00005008210.1	OG0003857:	D	12026at7088	M3
TC012278_001	Melitaea_cinxia.ENSMCXP00005021921.1	OG0004325:	L	7911at7088	M9
TC013214_001	Melitaea_cinxia.ENSMCXP00005023903.1	OG0002519:	B1	3795at7088	MZ
TC034094_001	Melitaea_cinxia.ENSMCXP00005020842.1	OG0002459:	M	4414at7088	MZ
TC030942_001	Melitaea_cinxia.ENSMCXP00005000457.1	OG0004611:	A1a	5327at7088	M5
TC008957_001	Melitaea_cinxia.ENSMCXP00005028755.1	OG0006727:	Ea	5313at7088	M10
TC007199_001	Melitaea_cinxia.ENSMCXP00005007282.1	OG0003684:	F	972at7088	M8
TC010559_001	Melitaea_cinxia.ENSMCXP00005012907.1	OG0002625:	L	1027at7088	M2
TC002887_001	Melitaea_cinxia.ENSMCXP00005016777.1	OG0006865:	M	1678at7088	M11
TC013586_001	Melitaea_cinxia.ENSMCXP00005018981.1	OG0007426:	K	3004at7088	M13
TC005482_001	Melitaea_cinxia.ENSMCXP00005004735.1	OG0005156:	H	6329at7088	M7
TC032219_001	Melitaea_cinxia.ENSMCXP00005008218.1	OG0003725:	O2	5201at7088	M8
TC011712_001	Melitaea_cinxia.ENSMCXP00005020956.1	OG0004290:	L	4789at7088	M9
TC031093_001	Melitaea_cinxia.ENSMCXP00005017054.1	OG0007030:	F	553at7088	M23
TC004151_001	Melitaea_cinxia.ENSMCXP00005014968.1	OG0002739:	L	4869at7088	M2
TC031655_001	Melitaea_cinxia.ENSMCXP00005020738.1	OG0005714:	D	5531at7088	M22
TC015452_001	Melitaea_cinxia.ENSMCXP00005025172.1	OG0007154:	F	6787at7088	M14
TC009330_001	Melitaea_cinxia.ENSMCXP00005018077.1	OG0006925:	A1a	1350at7088	M11
TC003706_001	Melitaea_cinxia.ENSMCXP00005006967.1	OG0003203:	N	3417at7088	M17
TC014743_001	Melitaea_cinxia.ENSMCXP00005021884.1	OG0004322:	Qc	4469at7088	M9
TC005188_001	Melitaea_cinxia.ENSMCXP00005015170.1	OG0002756:	Eb	4471at7088	M2
TC031574_001	Melitaea_cinxia.ENSMCXP00005017029.1	OG0002827:	J1	12416at7088	M2
TC004581_001	Melitaea_cinxia.ENSMCXP00005014135.1	OG0007818:	L	2939at7088	M19
TC015824_001	Melitaea_cinxia.ENSMCXP00005000496.1	OG0007968:	L	10331at7088	M28
TC007928_001	Melitaea_cinxia.ENSMCXP00005004922.1	OG0003583:	O1	12680at7088	M8
TC008817_001	Melitaea_cinxia.ENSMCXP00005027927.1	OG0007932:	A2	6678at7088	M31
TC008270_001	Melitaea_cinxia.ENSMCXP00005010361.1	OG0003794:	O2	10496at7088	M8
TC008129_001	Melitaea_cinxia.ENSMCXP00005012512.1	OG0006470:	A1a	11621at7088	M21
TC005358_001	Melitaea_cinxia.ENSMCXP00005006438.1	OG0005237:	H	7492at7088	M7
TC014119_001	Melitaea_cinxia.ENSMCXP00005010233.1	OG0003418:	J1	3742at7088	M1
TC030785_001	Melitaea_cinxia.ENSMCXP00005000817.1	OG0005888:	H	5293at7088	M4
TC007684_001	Melitaea_cinxia.ENSMCXP00005012545.1	OG0002603:	N	1647at7088	M2
TC030665_001	Melitaea_cinxia.ENSMCXP00005027203.1	OG0006673:	P	11548at7088	M10
TC001443_001	Melitaea_cinxia.ENSMCXP00005026031.1	OG0004818:	Ea	7597at7088	M6
TC015727_001	Melitaea_cinxia.ENSMCXP00005004775.1	OG0008317:	O2	1545at7088	M29
TC014327_001	Melitaea_cinxia.ENSMCXP00005008454.1	OG0003319:	J2	7053at7088	M1
TC005909_001	Melitaea_cinxia.ENSMCXP00005029235.1	OG0004992:	G	2998at7088	M6
TC011382_001	Melitaea_cinxia.ENSMCXP00005015825.1	OG0004504:	K	2943at7088	M12
TC008262_001	Melitaea_cinxia.ENSMCXP00005001728.1	OG0005934:	F	7184at7088	M4
TC000375_001	Melitaea_cinxia.ENSMCXP00005012994.1	OG0005629:	I	5066at7088	M16
TC006653_001	Melitaea_cinxia.ENSMCXP00005029017.1	OG0004965:	G	11313at7088	M6
TC009730_001	Melitaea_cinxia.ENSMCXP00005026407.1	OG0006634:	G	2885at7088	M10
TC002530_001	Melitaea_cinxia.ENSMCXP00005006745.1	OG0004806:	D	6239at7088	M5
TC000872_001	Melitaea_cinxia.ENSMCXP00005016687.1	OG0002817:	N	7067at7088	M2
TC011566_001	Melitaea_cinxia.ENSMCXP00005011975.1	OG0005601:	F	11147at7088	M16
TC001643_001	Melitaea_cinxia.ENSMCXP00005015084.1	OG0004121:	B3	5260at7088	M3
TC007093_001	Melitaea_cinxia.ENSMCXP00005019205.1	OG0007069:	L	9068at7088	M23
TC008388_001	Melitaea_cinxia.ENSMCXP00005005651.1	OG0003608:	F	4656at7088	M8
TC034645_001	Melitaea_cinxia.ENSMCXP00005023107.1	OG0005790:	O2	13124at7088	M8
TC004979_001	Melitaea_cinxia.ENSMCXP00005023501.1	OG0008181:	A1a	4163at7088	M27
TC002978_001	Melitaea_cinxia.ENSMCXP00005004009.1	OG0006042:	H	1955at7088	M4
TC011807_001	Melitaea_cinxia.ENSMCXP00005015060.1	OG0004120:	P	6208at7088	M3
TC014340_001	Melitaea_cinxia.ENSMCXP00005004749.1	OG0006065:	N	1167at7088	M4
TC014370_001	Melitaea_cinxia.ENSMCXP00005019202.1	OG0004203:	K	9113at7088	M9
TC006380_001	Melitaea_cinxia.ENSMCXP00005016970.1	OG0002823:	N	2585at7088	M2
TC012676_001	Melitaea_cinxia.ENSMCXP00005020080.1	OG0004238:	Ea	6991at7088	M9
TC013624_001	Melitaea_cinxia.ENSMCXP00005027646.1	OG0007927:	F	2130at7088	M31
TC030575_001	Melitaea_cinxia.ENSMCXP00005017234.1	OG0004551:	Eb	3348at7088	M12
TC012578_001	Melitaea_cinxia.ENSMCXP00005006031.1	OG0007586:	I	8183at7088	M24
TC002332_001	Melitaea_cinxia.ENSMCXP00005029355.1	OG0005005:	G	5782at7088	M6
TC003977_001	Melitaea_cinxia.ENSMCXP00005019756.1	OG0002432:	M	5828at7088	MZ
TC014040_001	Melitaea_cinxia.ENSMCXP00005020344.1	OG0004252:	Qc	4623at7088	M9
TC012273_001	Melitaea_cinxia.ENSMCXP00005009144.1	OG0007694:	I	4264at7088	M24
TC008696_001	Melitaea_cinxia.ENSMCXP00005014260.1	OG0006746:	A1a	3365at7088	M11
TC009073_001	Melitaea_cinxia.ENSMCXP00005012438.1	OG0007781:	D	9710at7088	M19
TC004308_001	Melitaea_cinxia.ENSMCXP00005025128.1	OG0008282:	J2	15484at7088	M3
TC012563_001	Melitaea_cinxia.ENSMCXP00005012775.1	OG0002618:	L	6365at7088	M9
TC001135_001	Melitaea_cinxia.ENSMCXP00005021244.1	OG0005725:	C1	48at7088	M22
TC003580_001	Melitaea_cinxia.ENSMCXP00005018447.1	OG0002380:	O1	4176at7088	MZ
TC011437_001	Melitaea_cinxia.ENSMCXP00005021284.1	OG0007467:	Ea	1199at7088	M13
TC008014_001	Melitaea_cinxia.ENSMCXP00005016402.1	OG0007019:	O1	12544at7088	M23
TC005845_001	Melitaea_cinxia.ENSMCXP00005005195.1	OG0005178:	H	9956at7088	M7
TC015063_001	Melitaea_cinxia.ENSMCXP00005000083.1	OG0007963:	B1	11835at7088	M28
TC009171_001	Melitaea_cinxia.ENSMCXP00005026615.1	OG0006643:	L	8978at7088	M10
TC016342_001	Melitaea_cinxia.ENSMCXP00005017187.1	OG0006887:	A1a	6395at7088	M11
TC001026_001	Melitaea_cinxia.ENSMCXP00005006937.1	OG0003201:	M	598at7088	M20
TC007437_001	Melitaea_cinxia.ENSMCXP00005001110.1	OG0004637:	A1a	15500at7088	M5
TC008446_001	Melitaea_cinxia.ENSMCXP00005022475.1	OG0005344:	A1a	12058at7088	M18
TC007210_001	Melitaea_cinxia.ENSMCXP00005015756.1	OG0007000:	F	8559at7088	M23
TC008820_001	Melitaea_cinxia.ENSMCXP00005009533.1	OG0003767:	Ea	2928at7088	M8
TC010427_001	Melitaea_cinxia.ENSMCXP00005007357.1	OG0003250:	D	7778at7088	M1
TC000591_001	Melitaea_cinxia.ENSMCXP00005016944.1	OG0004540:	B2	494at7088	M12
TC013648_001	Melitaea_cinxia.ENSMCXP00005011523.1	OG0003492:	Ea	3931at7088	M1
TC000537_001	Melitaea_cinxia.ENSMCXP00005025817.1	OG0005462:	L	5101at7088	M18
TC011029_001	Melitaea_cinxia.ENSMCXP00005014748.1	OG0004460:	K	11177at7088	M12
TC001202_001	Melitaea_cinxia.ENSMCXP00005022054.1	OG0005753:	C1	2768at7088	M22
TC010852_001	Melitaea_cinxia.ENSMCXP00005012137.1	OG0002577:	D	1353at7088	M2
TC000113_001	Melitaea_cinxia.ENSMCXP00005027343.1	OG0006678:	A1a	4108at7088	M10
TC013052_001	Melitaea_cinxia.ENSMCXP00005003063.1	OG0003037:	N	793at7088	M17
TC000027_001	Melitaea_cinxia.ENSMCXP00005000826.1	OG0005889:	D	9061at7088	M4
TC007176_001	Melitaea_cinxia.ENSMCXP00005002665.1	OG0003014:	B1	6796at7088	M20
TC006108_001	Melitaea_cinxia.ENSMCXP00005025311.1	OG0007160:	G	2522at7088	M14
TC000962_001	Melitaea_cinxia.ENSMCXP00005015150.1	OG0004476:	B1	9131at7088	M12
TC000051_001	Melitaea_cinxia.ENSMCXP00005029257.1	OG0007325:	G	5242at7088	M4
TC011430_001	Melitaea_cinxia.ENSMCXP00005014454.1	OG0004446:	B2	1587at7088	M12
TC008876_001	Melitaea_cinxia.ENSMCXP00005025304.1	OG0006601:	D	1939at7088	M10
TC007324_001	Melitaea_cinxia.ENSMCXP00005006036.1	OG0003175:	O2	11274at7088	M17
TC013790_001	Melitaea_cinxia.ENSMCXP00005012831.1	OG0003545:	M	14706at7088	M1
TC002123_001	Melitaea_cinxia.ENSMCXP00005006279.1	OG0006110:	D	15379at7088	M4
TC015094_001	Melitaea_cinxia.ENSMCXP00005027848.1	OG0007263:	G	8323at7088	M14
TC033957_001	Melitaea_cinxia.ENSMCXP00005018050.1	OG0002367:	P	790at7088	MZ
TC003818_001	Melitaea_cinxia.ENSMCXP00005021998.1	OG0008155:	A1a	3053at7088	M27
TC006704_001	Melitaea_cinxia.ENSMCXP00005002721.1	OG0005073:	H	2150at7088	M7
TC009982_001	Melitaea_cinxia.ENSMCXP00005014710.1	OG0006767:	A1a	9448at7088	M11
TC004801_001	Melitaea_cinxia.ENSMCXP00005027871.1	OG0005846:	C1	5614at7088	M22
TC014466_001	Melitaea_cinxia.ENSMCXP00005000079.1	OG0002861:	N	2699at7088	M17
TC012945_001	Melitaea_cinxia.ENSMCXP00005024239.1	OG0005401:	N	11342at7088	M18
TC009389_001	Melitaea_cinxia.ENSMCXP00005024932.1	OG0006579:	H	3297at7088	M10
TC013429_001	Melitaea_cinxia.ENSMCXP00005005522.1	OG0003160:	Ea	11124at7088	M17
TC008565_001	Melitaea_cinxia.ENSMCXP00005014105.1	OG0005661:	A1a	3368at7088	M16
TC013667_001	Melitaea_cinxia.ENSMCXP00005012136.1	OG0003515:	D	1451at7088	M1
TC008045_001	Melitaea_cinxia.ENSMCXP00005020889.1	OG0007107:	F	774at7088	M23
TC031386_001	Melitaea_cinxia.ENSMCXP00005007723.1	OG0003704:	O2	10829at7088	M8
TC010661_001	Melitaea_cinxia.ENSMCXP00005010593.1	OG0003967:	G	9967at7088	M3
TC009265_001	Melitaea_cinxia.ENSMCXP00005011055.1	OG0007730:	D	4425at7088	M19
TC008472_001	Melitaea_cinxia.ENSMCXP00005002003.1	OG0004672:	F	1607at7088	M5
TC012443_001	Melitaea_cinxia.ENSMCXP00005015356.1	OG0004130:	B3	11516at7088	M3
TC013551_001	Melitaea_cinxia.ENSMCXP00005001822.1	OG0002958:	Ea	6783at7088	M17
TC005395_001	Melitaea_cinxia.ENSMCXP00005007452.1	OG0003256:	H	5889at7088	M1
TC004703_001	Melitaea_cinxia.ENSMCXP00005011673.1	OG0002559:	C1	7773at7088	M2
TC006605_001	Melitaea_cinxia.ENSMCXP00005005598.1	OG0005198:	H	11747at7088	M7
TC001923_001	Melitaea_cinxia.ENSMCXP00005028594.1	OG0004931:	P	6263at7088	M6
TC009315_001	Melitaea_cinxia.ENSMCXP00005023992.1	OG0008262:	B2	865at7088	M25
TC031145_001	Melitaea_cinxia.ENSMCXP00005019540.1	OG0004215:	K	160at7088	M9
TC013890_001	Melitaea_cinxia.ENSMCXP00005007941.1	OG0003283:	B3	6871at7088	M1
TC014631_001	Melitaea_cinxia.ENSMCXP00005001417.1	OG0004646:	F	2629at7088	M5
TC003323_001	Melitaea_cinxia.ENSMCXP00005004668.1	OG0006062:	H	6336at7088	M4
TC008147_001	Melitaea_cinxia.ENSMCXP00005019259.1	OG0007072:	F	11401at7088	M23
TC013601_001	Melitaea_cinxia.ENSMCXP00005022772.1	OG0007483:	J1	1236at7088	M13
TC012832_001	Melitaea_cinxia.ENSMCXP00005016604.1	OG0002810:	C1	15225at7088	M2
TC001450_001	Melitaea_cinxia.ENSMCXP00005018162.1	OG0007408:	F	13285at7088	M13
TC014222_001	Melitaea_cinxia.ENSMCXP00005019091.1	OG0007430:	Ea	5311at7088	M13
TC000108_001	Melitaea_cinxia.ENSMCXP00005017383.1	OG0002332:	F	68at7088	MZ
TC010442_001	Melitaea_cinxia.ENSMCXP00005008115.1	OG0003297:	M	8393at7088	M1
TC002433_001	Melitaea_cinxia.ENSMCXP00005014365.1	OG0002699:	Ea	14009at7088	M2
TC007082_001	Melitaea_cinxia.ENSMCXP00005011994.1	OG0006455:	A1a	1154at7088	M21
TC005404_001	Melitaea_cinxia.ENSMCXP00005029150.1	OG0007956:	F	11218at7088	M31
TC002973_001	Melitaea_cinxia.ENSMCXP00005004460.1	OG0006056:	H	3401at7088	M4
TC009963_001	Melitaea_cinxia.ENSMCXP00005028350.1	OG0004921:	Ea	4681at7088	M6
TC012449_001	Melitaea_cinxia.ENSMCXP00005019608.1	OG0004218:	M	9601at7088	M9
TC008673_001	Melitaea_cinxia.ENSMCXP00005020790.1	OG0004278:	A1a	1683at7088	M9
TC031743_001	Melitaea_cinxia.ENSMCXP00005011096.1	OG0003992:	G	14331at7088	M3
TC010820_001	Melitaea_cinxia.ENSMCXP00005006100.1	OG0008011:	Ea	2131at7088	M28
TC002088_001	Melitaea_cinxia.ENSMCXP00005025049.1	OG0005431:	J1	1745at7088	M18
TC013405_001	Melitaea_cinxia.ENSMCXP00005007976.1	OG0003287:	N	6450at7088	M1
TC013016_001	Melitaea_cinxia.ENSMCXP00005007459.1	OG0003257:	D	660at7088	M1
TC000377_001	Melitaea_cinxia.ENSMCXP00005003036.1	OG0008083:	M	3926at7088	M30
TC002763_001	Melitaea_cinxia.ENSMCXP00005020490.1	OG0004264:	O1	1637at7088	M9
TC007308_001	Melitaea_cinxia.ENSMCXP00005010112.1	OG0006407:	A1a	139at7088	M21
TC002447_001	Melitaea_cinxia.ENSMCXP00005023930.1	OG0002521:	M	2321at7088	MZ
TC014733_001	Melitaea_cinxia.ENSMCXP00005011251.1	OG0003999:	P	6847at7088	M3
TC003034_001	Melitaea_cinxia.ENSMCXP00005005859.1	OG0006099:	H	3153at7088	M4
TC003894_001	Melitaea_cinxia.ENSMCXP00005003442.1	OG0006018:	D	10573at7088	M4
TC032132_001	Melitaea_cinxia.ENSMCXP00005014590.1	OG0005673:	I	8659at7088	M16
TC034177_002	Melitaea_cinxia.ENSMCXP00005028663.1	OG0004938:	B1	764at7088	M6
TC031457_001	Melitaea_cinxia.ENSMCXP00005005140.1	OG0003148:	Eb	1009at7088	M20
TC015634_001	Melitaea_cinxia.ENSMCXP00005024740.1	OG0007128:	G	5715at7088	M14
TC007894_001	Melitaea_cinxia.ENSMCXP00005013204.1	OG0006489:	A1a	993at7088	M21
TC010102_001	Melitaea_cinxia.ENSMCXP00005018195.1	OG0006927:	A1b	1114at7088	M11
TC034663_001	Melitaea_cinxia.ENSMCXP00005029178.1	OG0004982:	O1	9791at7088	M6
TC008261_001	Melitaea_cinxia.ENSMCXP00005020079.1	OG0007085:	F	10206at7088	M23
TC006751_001	Melitaea_cinxia.ENSMCXP00005006291.1	OG0005231:	L	3486at7088	M7
TC010443_001	Melitaea_cinxia.ENSMCXP00005009485.1	OG0003388:	D	5832at7088	M1
TC002507_001	Melitaea_cinxia.ENSMCXP00005007278.1	OG0005270:	F	338at7088	M7
TC015506_001	Melitaea_cinxia.ENSMCXP00005027767.1	OG0007259:	G	11984at7088	M14
TC007236_001	Melitaea_cinxia.ENSMCXP00005000357.1	OG0007500:	K	8618at7088	M13
TC010010_001	Melitaea_cinxia.ENSMCXP00005019479.1	OG0006958:	O1	757at7088	M11
TC007512_001	Melitaea_cinxia.ENSMCXP00005019939.1	OG0007084:	O1	1845at7088	M23
TC007101_001	Melitaea_cinxia.ENSMCXP00005017090.1	OG0007032:	F	6294at7088	M23
TC001725_001	Melitaea_cinxia.ENSMCXP00005013214.1	OG0002641:	L	1079at7088	M2
TC004619_001	Melitaea_cinxia.ENSMCXP00005020010.1	OG0006162:	R	1660at7088	M15
TC008936_001	Melitaea_cinxia.ENSMCXP00005024430.1	OG0006557:	J2	11239at7088	M10
TC004143_001	Melitaea_cinxia.ENSMCXP00005013743.1	OG0002668:	C1	3859at7088	M2
TC007954_001	Melitaea_cinxia.ENSMCXP00005003905.1	OG0003079:	M	11662at7088	M20
TC031253_001	Melitaea_cinxia.ENSMCXP00005029543.1	OG0005046:	B1	10248at7088	M6
TC008880_001	Melitaea_cinxia.ENSMCXP00005017211.1	OG0006889:	A1a	7576at7088	M11
TC034589_001	Melitaea_cinxia.ENSMCXP00005001723.1	OG0005933:	B3	140at7088	M4
TC008019_001	Melitaea_cinxia.ENSMCXP00005021817.1	OG0007116:	Eb	8669at7088	M23
TC005538_001	Melitaea_cinxia.ENSMCXP00005026995.1	OG0004854:	G	3982at7088	M6
TC003032_001	Melitaea_cinxia.ENSMCXP00005006205.1	OG0006107:	Ea	12861at7088	M4
TC011815_001	Melitaea_cinxia.ENSMCXP00005009094.1	OG0003906:	J2	9067at7088	M3
TC031425_001	Melitaea_cinxia.ENSMCXP00005012896.1	OG0006479:	M	954at7088	M21
TC011896_001	Melitaea_cinxia.ENSMCXP00005008561.1	OG0003877:	P	4605at7088	M3
TC008686_001	Melitaea_cinxia.ENSMCXP00005027135.1	OG0006669:	C1	2421at7088	M10
TC006497_001	Melitaea_cinxia.ENSMCXP00005023196.1	OG0006305:	H	2990at7088	M15
TC005773_001	Melitaea_cinxia.ENSMCXP00005029381.1	OG0005009:	P	14468at7088	M6
TC014815_001	Melitaea_cinxia.ENSMCXP00005001252.1	OG0002925:	N	4405at7088	M17
TC011080_001	Melitaea_cinxia.ENSMCXP00005025581.1	OG0005454:	J1	10965at7088	M18
TC013340_001	Melitaea_cinxia.ENSMCXP00005014729.1	OG0004459:	Ea	6602at7088	M5
TC004868_001	Melitaea_cinxia.ENSMCXP00005000870.1	OG0008039:	B2	9890at7088	M30
TC000195_001	Melitaea_cinxia.ENSMCXP00005007999.1	OG0003714:	F	10243at7088	M8
TC015134_001	Melitaea_cinxia.ENSMCXP00005013607.1	OG0002659:	C1	4627at7088	M2
TC001366_001	Melitaea_cinxia.ENSMCXP00005027486.1	OG0005842:	C1	3577at7088	M22
TC008534_001	Melitaea_cinxia.ENSMCXP00005012906.1	OG0004057:	B1	11282at7088	M3
TC015081_001	Melitaea_cinxia.ENSMCXP00005008256.1	OG0008362:	A2	670at7088	M29
TC032798_001	Melitaea_cinxia.ENSMCXP00005020220.1	OG0007089:	O1	8834at7088	M23
TC010609_001	Melitaea_cinxia.ENSMCXP00005011147.1	OG0003995:	G	3293at7088	M3
TC008997_001	Melitaea_cinxia.ENSMCXP00005008447.1	OG0003869:	H	2086at7088	M3
TC032803_001	Melitaea_cinxia.ENSMCXP00005001961.1	OG0004670:	A1b	723at7088	M5
TC010637_001	Melitaea_cinxia.ENSMCXP00005014224.1	OG0004092:	H	9990at7088	M3
TC016005_001	Melitaea_cinxia.ENSMCXP00005011443.1	OG0004010:	G	10392at7088	M3
TC012660_001	Melitaea_cinxia.ENSMCXP00005029177.1	OG0007322:	A1a	1140at7088	M14
TC009042_001	Melitaea_cinxia.ENSMCXP00005026641.1	OG0006645:	J2	4081at7088	M10
TC012032_001	Melitaea_cinxia.ENSMCXP00005014104.1	OG0004088:	G	2653at7088	M3
TC010678_001	Melitaea_cinxia.ENSMCXP00005009415.1	OG0003919:	P	4959at7088	M3
TC001465_001	Melitaea_cinxia.ENSMCXP00005014315.1	OG0007826:	L	6349at7088	M19
TC013032_001	Melitaea_cinxia.ENSMCXP00005013928.1	OG0003561:	N	4527at7088	M1
TC000164_001	Melitaea_cinxia.ENSMCXP00005024415.1	OG0005810:	C1	1397at7088	M22
TC008190_001	Melitaea_cinxia.ENSMCXP00005020608.1	OG0007104:	F	1650at7088	M23
TC007846_001	Melitaea_cinxia.ENSMCXP00005009354.1	OG0003757:	F	3804at7088	M8
TC003653_001	Melitaea_cinxia.ENSMCXP00005000961.1	OG0005899:	H	3221at7088	M4
TC002311_001	Melitaea_cinxia.ENSMCXP00005006133.1	OG0004784:	Ea	1086at7088	M5
TC010900_001	Melitaea_cinxia.ENSMCXP00005012296.1	OG0003521:	M	7899at7088	M1
TC008422_001	Melitaea_cinxia.ENSMCXP00005017311.1	OG0007868:	F	11522at7088	M19
TC011388_001	Melitaea_cinxia.ENSMCXP00005013208.1	OG0004393:	Qa	5835at7088	M12
TC033699_001	Melitaea_cinxia.ENSMCXP00005025041.1	OG0008281:	B2	3611at7088	M25
TC012134_001	Melitaea_cinxia.ENSMCXP00005006730.1	OG0007608:	I	1699at7088	M24
TC013491_001	Melitaea_cinxia.ENSMCXP00005008719.1	OG0003339:	B3	7267at7088	M1
TC004378_001	Melitaea_cinxia.ENSMCXP00005024803.1	OG0005418:	K	9276at7088	M18
TC006779_001	Melitaea_cinxia.ENSMCXP00005009056.1	OG0005312:	H	10048at7088	M7
TC009151_001	Melitaea_cinxia.ENSMCXP00005024016.1	OG0006540:	L	4974at7088	M10
TC012896_001	Melitaea_cinxia.ENSMCXP00005021211.1	OG0004304:	O2	10550at7088	M9
TC008216_001	Melitaea_cinxia.ENSMCXP00005014110.1	OG0006512:	A2	1645at7088	M21
TC013259_001	Melitaea_cinxia.ENSMCXP00005026449.1	OG0006636:	Ea	8426at7088	M10
TC030729_001	Melitaea_cinxia.ENSMCXP00005014402.1	OG0006754:	A1a	11201at7088	M11
TC014763_001	Melitaea_cinxia.ENSMCXP00005010046.1	OG0003413:	D	11922at7088	M1
TC015057_001	Melitaea_cinxia.ENSMCXP00005020705.1	OG0002455:	P	3811at7088	MZ
TC005007_001	Melitaea_cinxia.ENSMCXP00005014612.1	OG0005674:	A1a	7918at7088	M16
TC009258_001	Melitaea_cinxia.ENSMCXP00005018136.1	OG0007407:	O2	7205at7088	M13
TC003875_001	Melitaea_cinxia.ENSMCXP00005003603.1	OG0006026:	D	731at7088	M4
TC008785_001	Melitaea_cinxia.ENSMCXP00005027559.1	OG0006689:	C1	5945at7088	M10
TC016111_001	Melitaea_cinxia.ENSMCXP00005001892.1	OG0004666:	A1a	11881at7088	M5
TC005069_001	Melitaea_cinxia.ENSMCXP00005018528.1	OG0007420:	I	4288at7088	M13
TC014243_001	Melitaea_cinxia.ENSMCXP00005009174.1	OG0007696:	A1a	7246at7088	M13
TC005471_001	Melitaea_cinxia.ENSMCXP00005027538.1	OG0004876:	H	9286at7088	M6
TC008467_001	Melitaea_cinxia.ENSMCXP00005006487.1	OG0004803:	A1a	3219at7088	M5
TC001257_001	Melitaea_cinxia.ENSMCXP00005022842.1	OG0005354:	N	10341at7088	M18
TC010161_001	Melitaea_cinxia.ENSMCXP00005018183.1	OG0007876:	J2	8079at7088	M19
TC008189_001	Melitaea_cinxia.ENSMCXP00005019522.1	OG0007075:	C1	6508at7088	M23
TC005099_001	Melitaea_cinxia.ENSMCXP00005008969.1	OG0003743:	Eb	3290at7088	M8
TC033958_001	Melitaea_cinxia.ENSMCXP00005024765.1	OG0007129:	G	9194at7088	M14
TC001637_001	Melitaea_cinxia.ENSMCXP00005014910.1	OG0002730:	D	8976at7088	M2
TC007574_001	Melitaea_cinxia.ENSMCXP00005007642.1	OG0003699:	F	6780at7088	M8
TC013003_001	Melitaea_cinxia.ENSMCXP00005009250.1	OG0003375:	B3	1515at7088	M1
TC010886_001	Melitaea_cinxia.ENSMCXP00005015965.1	OG0006834:	A1a	2459at7088	M13
TC013253_001	Melitaea_cinxia.ENSMCXP00005006739.1	OG0003658:	A1a	10693at7088	M8
TC034193_001	Melitaea_cinxia.ENSMCXP00005024021.1	OG0006338:	B1	1596at7088	M15
TC004773_001	Melitaea_cinxia.ENSMCXP00005024208.1	OG0006549:	I	11065at7088	M10
TC006411_001	Melitaea_cinxia.ENSMCXP00005021886.1	OG0005748:	Qc	6982at7088	M22
TC034773_001	Melitaea_cinxia.ENSMCXP00005016651.1	OG0006857:	A1a	1928at7088	M11
TC000968_001	Melitaea_cinxia.ENSMCXP00005024760.1	OG0005416:	J1	3330at7088	M18
TC006129_001	Melitaea_cinxia.ENSMCXP00005003894.1	OG0008310:	A2	2223at7088	M29
TC033755_001	Melitaea_cinxia.ENSMCXP00005011067.1	OG0007731:	D	9149at7088	M19
TC000593_001	Melitaea_cinxia.ENSMCXP00005019220.1	OG0004574:	B2	818at7088	M12
TC032943_001	Melitaea_cinxia.ENSMCXP00005000746.1	OG0004624:	A1a	11372at7088	M5
TC033645_001	Melitaea_cinxia.ENSMCXP00005013752.1	OG0006733:	M	417at7088	M11
TC002330_001	Melitaea_cinxia.ENSMCXP00005011902.1	OG0004028:	G	4719at7088	M3
TC012117_001	Melitaea_cinxia.ENSMCXP00005008178.1	OG0003854:	D	1605at7088	M3
TC030677_001	Melitaea_cinxia.ENSMCXP00005014542.1	OG0002710:	L	9745at7088	M2
TC012098_001	Melitaea_cinxia.ENSMCXP00005009095.1	OG0003905:	G	1636at7088	M3
TC011690_001	Melitaea_cinxia.ENSMCXP00005012299.1	OG0004044:	B3	5840at7088	M3
TC012306_001	Melitaea_cinxia.ENSMCXP00005007861.1	OG0007647:	I	4998at7088	M24
TC011537_001	Melitaea_cinxia.ENSMCXP00005002434.1	OG0007539:	H	4298at7088	M4
TC034874_001	Melitaea_cinxia.ENSMCXP00005010530.1	OG0003964:	D	3594at7088	M3
TC007046_001	Melitaea_cinxia.ENSMCXP00005001910.1	OG0004667:	A1a	183at7088	M5
TC034054_001	Melitaea_cinxia.ENSMCXP00005005911.1	OG0005213:	H	1565at7088	M7
TC006591_001	Melitaea_cinxia.ENSMCXP00005000547.1	OG0005874:	D	2139at7088	M4
TC010199_001	Melitaea_cinxia.ENSMCXP00005011186.1	OG0007735:	J2	11086at7088	M19
TC031227_001	Melitaea_cinxia.ENSMCXP00005006236.1	OG0004788:	A2	11063at7088	M5
TC031742_001	Melitaea_cinxia.ENSMCXP00005008399.1	OG0003866:	B3	2230at7088	M3
TC034751_001	Melitaea_cinxia.ENSMCXP00005000546.1	OG0004617:	B2	6162at7088	M5
TC013408_001	Melitaea_cinxia.ENSMCXP00005012673.1	OG0003539:	N	12453at7088	M1
TC014630_001	Melitaea_cinxia.ENSMCXP00005015688.1	OG0004497:	K	9435at7088	M12
TC014868_001	Melitaea_cinxia.ENSMCXP00005026585.1	OG0007211:	G	10588at7088	M14
TC032634_001	Melitaea_cinxia.ENSMCXP00005003511.1	OG0005103:	O1	11265at7088	M11
TC010549_001	Melitaea_cinxia.ENSMCXP00005027596.1	OG0004880:	B1	4834at7088	M6
TC009613_001	Melitaea_cinxia.ENSMCXP00005016420.1	OG0006849:	A1a	6582at7088	M11
TC030739_001	Melitaea_cinxia.ENSMCXP00005004211.1	OG0005133:	H	4608at7088	M7
TC010764_001	Melitaea_cinxia.ENSMCXP00005024084.1	OG0006339:	Ea	6912at7088	M15
TC010426_001	Melitaea_cinxia.ENSMCXP00005014166.1	OG0002691:	J1	5107at7088	M2
TC001635_001	Melitaea_cinxia.ENSMCXP00005013202.1	OG0002640:	J1	5410at7088	M2
TC012616_001	Melitaea_cinxia.ENSMCXP00005009332.1	OG0003917:	B1	1511at7088	M3
TC007406_001	Melitaea_cinxia.ENSMCXP00005001870.1	OG0004664:	F	11710at7088	M5
TC015068_001	Melitaea_cinxia.ENSMCXP00005025160.1	OG0007152:	G	13065at7088	M14
TC030755_001	Melitaea_cinxia.ENSMCXP00005015738.1	OG0007848:	D	2959at7088	M19
TC007650_001	Melitaea_cinxia.ENSMCXP00005003238.1	OG0003050:	F	2803at7088	M17
TC010153_001	Melitaea_cinxia.ENSMCXP00005016842.1	OG0006869:	A1a	3030at7088	M11
TC033184_001	Melitaea_cinxia.ENSMCXP00005006413.1	OG0003187:	C1	5557at7088	M17
TC015453_001	Melitaea_cinxia.ENSMCXP00005024356.1	OG0007119:	G	1623at7088	M14
TC007651_001	Melitaea_cinxia.ENSMCXP00005004689.1	OG0004731:	F	2031at7088	M5
TC010881_001	Melitaea_cinxia.ENSMCXP00005029337.1	OG0007333:	Ea	4315at7088	M14
TC009067_001	Melitaea_cinxia.ENSMCXP00005015639.1	OG0006818:	A1a	7654at7088	M11
TC009757_001	Melitaea_cinxia.ENSMCXP00005015788.1	OG0006824:	A1a	9274at7088	M11
TC004373_001	Melitaea_cinxia.ENSMCXP00005020690.1	OG0002453:	B2	2510at7088	MZ
TC009555_001	Melitaea_cinxia.ENSMCXP00005018127.1	OG0006926:	A1a	12492at7088	M11
TC005458_001	Melitaea_cinxia.ENSMCXP00005008375.1	OG0005304:	H	2529at7088	M7
TC008825_001	Melitaea_cinxia.ENSMCXP00005027568.1	OG0006690:	Ea	10003at7088	M10
TC004582_001	Melitaea_cinxia.ENSMCXP00005021931.1	OG0007476:	F	5616at7088	M13
TC011383_001	Melitaea_cinxia.ENSMCXP00005015957.1	OG0004511:	Qc	8122at7088	M12
TC014804_001	Melitaea_cinxia.ENSMCXP00005008461.1	OG0003870:	H	12406at7088	M3
TC009340_001	Melitaea_cinxia.ENSMCXP00005008821.1	OG0003894:	Ea	5626at7088	M3
TC007711_001	Melitaea_cinxia.ENSMCXP00005007066.1	OG0004810:	A2	3598at7088	M5
TC014624_001	Melitaea_cinxia.ENSMCXP00005012475.1	OG0002598:	J1	517at7088	M2
TC011725_001	Melitaea_cinxia.ENSMCXP00005017890.1	OG0004142:	L	10220at7088	M9
TC034383_001	Melitaea_cinxia.ENSMCXP00005023046.1	OG0004351:	L	1047at7088	M9
TC034312_001	Melitaea_cinxia.ENSMCXP00005014007.1	OG0004084:	B1	383at7088	M3
TC012114_001	Melitaea_cinxia.ENSMCXP00005022693.1	OG0008170:	A1a	9088at7088	M27
TC003446_001	Melitaea_cinxia.ENSMCXP00005006064.1	OG0003176:	O1	4422at7088	M17
TC004658_001	Melitaea_cinxia.ENSMCXP00005017739.1	OG0002842:	C1	14549at7088	M2
TC014751_001	Melitaea_cinxia.ENSMCXP00005009335.1	OG0003379:	N	12967at7088	M1
TC007407_001	Melitaea_cinxia.ENSMCXP00005020147.1	OG0007087:	D	6884at7088	M23
TC006689_001	Melitaea_cinxia.ENSMCXP00005010134.1	OG0003951:	G	11190at7088	M3
TC031160_001	Melitaea_cinxia.ENSMCXP00005020909.1	OG0004285:	K	10023at7088	M9
TC000192_001	Melitaea_cinxia.ENSMCXP00005020688.1	OG0005711:	C1	791at7088	M22
TC011930_001	Melitaea_cinxia.ENSMCXP00005020906.1	OG0004284:	Ea	1841at7088	M9
TC010522_001	Melitaea_cinxia.ENSMCXP00005009844.1	OG0003935:	H	5806at7088	M3
TC002569_001	Melitaea_cinxia.ENSMCXP00005023094.1	OG0008177:	A2	9985at7088	M27
TC000177_001	Melitaea_cinxia.ENSMCXP00005021440.1	OG0005736:	C1	4889at7088	M22
TC032291_001	Melitaea_cinxia.ENSMCXP00005016796.1	OG0002313:	Ea	708at7088	MZ
TC014434_001	Melitaea_cinxia.ENSMCXP00005014131.1	OG0003565:	D	5355at7088	M1
TC006041_001	Melitaea_cinxia.ENSMCXP00005006302.1	OG0008336:	A1a	6874at7088	M29
TC000029_001	Melitaea_cinxia.ENSMCXP00005005131.1	OG0006079:	D	5563at7088	M4
TC014297_001	Melitaea_cinxia.ENSMCXP00005007314.1	OG0003245:	D	9025at7088	M1
TC011841_001	Melitaea_cinxia.ENSMCXP00005008684.1	OG0003884:	P	5455at7088	M3
TC006516_001	Melitaea_cinxia.ENSMCXP00005012836.1	OG0006478:	A1a	10109at7088	M21
TC013341_001	Melitaea_cinxia.ENSMCXP00005009780.1	OG0003397:	D	7894at7088	M1
TC000957_001	Melitaea_cinxia.ENSMCXP00005000249.1	OG0004604:	Qa	41at7088	M5
TC032418_001	Melitaea_cinxia.ENSMCXP00005022347.1	OG0008164:	A1a	1258at7088	M27
TC030760_001	Melitaea_cinxia.ENSMCXP00005028374.1	OG0007284:	G	3853at7088	M14
TC002817_001	Melitaea_cinxia.ENSMCXP00005027615.1	OG0006692:	D	9567at7088	M10
TC013506_001	Melitaea_cinxia.ENSMCXP00005009025.1	OG0003363:	D	11089at7088	M1
TC006745_001	Melitaea_cinxia.ENSMCXP00005008011.1	OG0005291:	H	14580at7088	M7
TC006260_001	Melitaea_cinxia.ENSMCXP00005007208.1	OG0005268:	H	5098at7088	M7
TC013946_001	Melitaea_cinxia.ENSMCXP00005020868.1	OG0006203:	P	584at7088	MZ
TC013020_001	Melitaea_cinxia.ENSMCXP00005011692.1	OG0003497:	D	4412at7088	M1
TC013859_001	Melitaea_cinxia.ENSMCXP00005004200.1	OG0003103:	N	4739at7088	M17
TC031955_001	Melitaea_cinxia.ENSMCXP00005013946.1	OG0005657:	I	4008at7088	M16
TC009984_001	Melitaea_cinxia.ENSMCXP00005026279.1	OG0006627:	D	12011at7088	M10
TC012343_001	Melitaea_cinxia.ENSMCXP00005008168.1	OG0003853:	H	2440at7088	M3
TC003754_001	Melitaea_cinxia.ENSMCXP00005008961.1	OG0003359:	M	2386at7088	M1
TC012999_001	Melitaea_cinxia.ENSMCXP00005026180.1	OG0005829:	C1	12607at7088	M22
TC007931_001	Melitaea_cinxia.ENSMCXP00005007680.1	OG0003702:	F	12073at7088	M8
TC006352_001	Melitaea_cinxia.ENSMCXP00005019703.1	OG0006148:	Qa	2403at7088	M15
TC011717_001	Melitaea_cinxia.ENSMCXP00005003252.1	OG0006003:	R	1819at7088	M4
TC033777_001	Melitaea_cinxia.ENSMCXP00005012552.1	OG0002604:	C1	13216at7088	M2
TC001944_001	Melitaea_cinxia.ENSMCXP00005007649.1	OG0003828:	J2	10476at7088	M3
TC006888_001	Melitaea_cinxia.ENSMCXP00005010419.1	OG0005538:	F	11095at7088	M16
TC011816_001	Melitaea_cinxia.ENSMCXP00005014567.1	OG0004102:	J2	6826at7088	M3
TC002652_001	Melitaea_cinxia.ENSMCXP00005014220.1	OG0007820:	F	1865at7088	MZ
TC013449_001	Melitaea_cinxia.ENSMCXP00005021513.1	OG0007470:	K	962at7088	M13
TC005933_001	Melitaea_cinxia.ENSMCXP00005012632.1	OG0002609:	L	600at7088	M2
TC014680_001	Melitaea_cinxia.ENSMCXP00005014381.1	OG0003569:	J2	1665at7088	M1
TC000042_001	Melitaea_cinxia.ENSMCXP00005004832.1	OG0003581:	Ea	1984at7088	M8
TC007223_001	Melitaea_cinxia.ENSMCXP00005001569.1	OG0004651:	A1a	3424at7088	M5
TC013379_001	Melitaea_cinxia.ENSMCXP00005013046.1	OG0002631:	J1	9205at7088	M2
TC010414_001	Melitaea_cinxia.ENSMCXP00005014215.1	OG0006513:	A1a	1612at7088	M21
TC007817_001	Melitaea_cinxia.ENSMCXP00005018238.1	OG0007054:	O2	8129at7088	M23
TC003078_001	Melitaea_cinxia.ENSMCXP00005026271.1	OG0004831:	G	2535at7088	M6
TC006375_001	Melitaea_cinxia.ENSMCXP00005009592.1	OG0003390:	Ea	6347at7088	M1
TC009670_001	Melitaea_cinxia.ENSMCXP00005024347.1	OG0006554:	C1	2649at7088	M10
TC000124_001	Melitaea_cinxia.ENSMCXP00005003877.1	OG0006035:	J2	772at7088	M4
TC013378_001	Melitaea_cinxia.ENSMCXP00005020360.1	OG0007457:	I	12998at7088	M13
TC016309_001	Melitaea_cinxia.ENSMCXP00005020091.1	OG0004240:	K	11056at7088	M9
TC012342_001	Melitaea_cinxia.ENSMCXP00005010778.1	OG0003973:	O2	2332at7088	M3
TC001878_001	Melitaea_cinxia.ENSMCXP00005007940.1	OG0008026:	Eb	2056at7088	M28
TC031214_002	Melitaea_cinxia.ENSMCXP00005025725.1	OG0006612:	C1	2001at7088	M10
TC007967_001	Melitaea_cinxia.ENSMCXP00005007162.1	OG0003676:	O1	5636at7088	M8
TC005648_001	Melitaea_cinxia.ENSMCXP00005021321.1	OG0006223:	Qa	14510at7088	M15
TC009870_001	Melitaea_cinxia.ENSMCXP00005014435.1	OG0007827:	D	8215at7088	M19
TC012252_001	Melitaea_cinxia.ENSMCXP00005000134.1	OG0004595:	A1a	7446at7088	M5
TC012435_001	Melitaea_cinxia.ENSMCXP00005012270.1	OG0004043:	H	10878at7088	M3
TC005411_001	Melitaea_cinxia.ENSMCXP00005029029.1	OG0004967:	G	3114at7088	M6
TC002246_001	Melitaea_cinxia.ENSMCXP00005006436.1	OG0003189:	N	8342at7088	M17
TC002365_001	Melitaea_cinxia.ENSMCXP00005007787.1	OG0007644:	M	2385at7088	M24
TC003322_001	Melitaea_cinxia.ENSMCXP00005000631.1	OG0005877:	H	3779at7088	M4
TC008693_001	Melitaea_cinxia.ENSMCXP00005016233.1	OG0006846:	A1a	1382at7088	M11
TC007891_001	Melitaea_cinxia.ENSMCXP00005014605.1	OG0006518:	A1a	9631at7088	M21
TC013076_001	Melitaea_cinxia.ENSMCXP00005021326.1	OG0004308:	K	3255at7088	M9
TC013393_001	Melitaea_cinxia.ENSMCXP00005010397.1	OG0003427:	M	10796at7088	M1
TC013947_001	Melitaea_cinxia.ENSMCXP00005024495.1	OG0004377:	K	7984at7088	M9
TC015954_001	Melitaea_cinxia.ENSMCXP00005002057.1	OG0007531:	C1	5333at7088	M26
TC032451_001	Melitaea_cinxia.ENSMCXP00005020611.1	OG0002452:	D	7989at7088	MZ
TC009746_001	Melitaea_cinxia.ENSMCXP00005014285.1	OG0007824:	J2	3358at7088	M19
TC007037_001	Melitaea_cinxia.ENSMCXP00005009343.1	OG0003756:	F	12609at7088	M8
TC007976_001	Melitaea_cinxia.ENSMCXP00005017734.1	OG0007393:	O1	3359at7088	M13
TC008318_001	Melitaea_cinxia.ENSMCXP00005017644.1	OG0007386:	A1a	10401at7088	M21
TC015510_001	Melitaea_cinxia.ENSMCXP00005026926.1	OG0007223:	G	5887at7088	M14
TC011476_001	Melitaea_cinxia.ENSMCXP00005004642.1	OG0005149:	I	8554at7088	M7
TC014757_001	Melitaea_cinxia.ENSMCXP00005002330.1	OG0002990:	J1	10936at7088	M17
TC000568_001	Melitaea_cinxia.ENSMCXP00005021563.1	OG0005739:	C1	1695at7088	M22
TC003517_001	Melitaea_cinxia.ENSMCXP00005015602.1	OG0002770:	C1	10397at7088	M2
TC008256_001	Melitaea_cinxia.ENSMCXP00005017184.1	OG0007034:	F	2507at7088	M23
TC009260_001	Melitaea_cinxia.ENSMCXP00005016858.1	OG0007863:	J2	13381at7088	M19
TC002476_001	Melitaea_cinxia.ENSMCXP00005003697.1	OG0006029:	F	4621at7088	M4
TC014973_001	Melitaea_cinxia.ENSMCXP00005026327.1	OG0007203:	G	8984at7088	M14
TC015993_001	Melitaea_cinxia.ENSMCXP00005002170.1	OG0005057:	B2	3662at7088	M7
TC002875_001	Melitaea_cinxia.ENSMCXP00005025157.1	OG0005819:	C1	1121at7088	M22
TC011547_001	Melitaea_cinxia.ENSMCXP00005008328.1	OG0003860:	A1a	2338at7088	M3
TC002427_001	Melitaea_cinxia.ENSMCXP00005026960.1	OG0004852:	G	1489at7088	M6
TC009290_001	Melitaea_cinxia.ENSMCXP00005024100.1	OG0006544:	C1	10663at7088	M10
TC015223_001	Melitaea_cinxia.ENSMCXP00005028098.1	OG0004907:	G	5734at7088	M6
TC008488_001	Melitaea_cinxia.ENSMCXP00005006191.1	OG0003631:	A1a	1753at7088	M8
TC002076_001	Melitaea_cinxia.ENSMCXP00005010400.1	OG0005537:	B2	5191at7088	M16
TC014562_001	Melitaea_cinxia.ENSMCXP00005008905.1	OG0003355:	D	2926at7088	M1
TC009214_001	Melitaea_cinxia.ENSMCXP00005012739.1	OG0007792:	J2	11770at7088	M19
TC011184_001	Melitaea_cinxia.ENSMCXP00005013271.1	OG0005635:	I	2995at7088	M16
TC031492_001	Melitaea_cinxia.ENSMCXP00005014812.1	OG0002724:	J1	5570at7088	M2
TC032604_001	Melitaea_cinxia.ENSMCXP00005008311.1	OG0005303:	H	6290at7088	M7
TC002668_001	Melitaea_cinxia.ENSMCXP00005023578.1	OG0005377:	N	1974at7088	M18
TC000876_001	Melitaea_cinxia.ENSMCXP00005012450.1	OG0004048:	A1b	6295at7088	M3
TC032570_001	Melitaea_cinxia.ENSMCXP00005011310.1	OG0003479:	M	3269at7088	M1
TC006065_001	Melitaea_cinxia.ENSMCXP00005019924.1	OG0006157:	J1	1551at7088	M15
TC010322_001	Melitaea_cinxia.ENSMCXP00005004396.1	OG0006054:	D	386at7088	M4
TC006549_001	Melitaea_cinxia.ENSMCXP00005003913.1	OG0005121:	H	10502at7088	M7
TC005166_001	Melitaea_cinxia.ENSMCXP00005003142.1	OG0003043:	Ea	6077at7088	M20
TC005987_001	Melitaea_cinxia.ENSMCXP00005006851.1	OG0005255:	H	10127at7088	M7
TC006517_001	Melitaea_cinxia.ENSMCXP00005029301.1	OG0005000:	G	3791at7088	M6
TC008971_001	Melitaea_cinxia.ENSMCXP00005027374.1	OG0008306:	C2	11856at7088	M25
TC000627_001	Melitaea_cinxia.ENSMCXP00005006255.1	OG0004789:	K	8471at7088	M5
TC005463_001	Melitaea_cinxia.ENSMCXP00005005530.1	OG0005196:	Ea	12910at7088	M7
TC011381_001	Melitaea_cinxia.ENSMCXP00005012862.1	OG0004385:	Qd	13549at7088	M12
TC001100_001	Melitaea_cinxia.ENSMCXP00005013294.1	OG0005636:	F	4996at7088	M16
TC032726_001	Melitaea_cinxia.ENSMCXP00005008874.1	OG0006361:	A2	5038at7088	M21
TC004769_001	Melitaea_cinxia.ENSMCXP00005017964.1	OG0002847:	N	7298at7088	M2
TC005176_001	Melitaea_cinxia.ENSMCXP00005005295.1	OG0008006:	Eb	83at7088	M28
TC006211_001	Melitaea_cinxia.ENSMCXP00005027174.1	OG0006671:	D	7988at7088	M10
TC007761_001	Melitaea_cinxia.ENSMCXP00005006780.1	OG0003661:	O2	1449at7088	M8
TC002077_001	Melitaea_cinxia.ENSMCXP00005017727.1	OG0007392:	B2	7833at7088	M13
TC006147_001	Melitaea_cinxia.ENSMCXP00005022710.1	OG0006287:	K	5095at7088	M15
TC011256_001	Melitaea_cinxia.ENSMCXP00005005277.1	OG0008322:	A1a	4401at7088	M29
TC012304_001	Melitaea_cinxia.ENSMCXP00005007514.1	OG0007635:	I	2032at7088	M24
TC005725_001	Melitaea_cinxia.ENSMCXP00005007472.1	OG0005277:	H	1368at7088	M7
TC001359_001	Melitaea_cinxia.ENSMCXP00005013355.1	OG0002647:	M	14727at7088	M2
TC001322_001	Melitaea_cinxia.ENSMCXP00005027547.1	OG0005505:	Ea	14190at7088	M18
TC015990_001	Melitaea_cinxia.ENSMCXP00005007133.1	OG0005264:	H	9419at7088	M7
TC033037_001	Melitaea_cinxia.ENSMCXP00005011971.1	OG0006454:	N	1080at7088	M21
TC003215_001	Melitaea_cinxia.ENSMCXP00005021638.1	OG0002473:	F	1662at7088	MZ
TC016320_001	Melitaea_cinxia.ENSMCXP00005020534.1	OG0004266:	K	6893at7088	M9
TC009208_001	Melitaea_cinxia.ENSMCXP00005011476.1	OG0007743:	M	4674at7088	M19
TC007735_001	Melitaea_cinxia.ENSMCXP00005009326.1	OG0006381:	A1a	5825at7088	M21
TC011455_001	Melitaea_cinxia.ENSMCXP00005026516.1	OG0005487:	B2	16250at7088	M18
TC002493_001	Melitaea_cinxia.ENSMCXP00005017628.1	OG0002346:	O2	5852at7088	MZ
TC005733_001	Melitaea_cinxia.ENSMCXP00005008212.1	OG0005297:	H	4100at7088	M7
TC005310_001	Melitaea_cinxia.ENSMCXP00005004853.1	OG0005162:	H	1929at7088	M7
TC009468_001	Melitaea_cinxia.ENSMCXP00005021744.1	OG0008209:	B2	5162at7088	M25
TC008542_001	Melitaea_cinxia.ENSMCXP00005026761.1	OG0004847:	H	14016at7088	M6
TC012251_001	Melitaea_cinxia.ENSMCXP00005009586.1	OG0007707:	I	12691at7088	M24
TC008222_001	Melitaea_cinxia.ENSMCXP00005007211.1	OG0003679:	F	558at7088	M8
TC004794_001	Melitaea_cinxia.ENSMCXP00005013873.1	OG0002676:	J1	12403at7088	M2
TC031361_002	Melitaea_cinxia.ENSMCXP00005020206.1	OG0004587:	C2	6855at7088	M12
TC014468_001	Melitaea_cinxia.ENSMCXP00005007218.1	OG0003239:	R	4073at7088	M1
TC010772_001	Melitaea_cinxia.ENSMCXP00005023931.1	OG0005807:	Eb	526at7088	M22
TC000167_001	Melitaea_cinxia.ENSMCXP00005020715.1	OG0005712:	C1	8057at7088	M22
TC013384_001	Melitaea_cinxia.ENSMCXP00005026161.1	OG0005828:	D	7726at7088	M1
TC010177_001	Melitaea_cinxia.ENSMCXP00005018226.1	OG0006928:	A1b	10963at7088	M11
TC007357_001	Melitaea_cinxia.ENSMCXP00005020176.1	OG0007088:	F	3372at7088	M23
TC009846_001	Melitaea_cinxia.ENSMCXP00005014652.1	OG0006765:	A1b	1446at7088	M11
TC005163_001	Melitaea_cinxia.ENSMCXP00005002117.1	OG0002976:	H	1281at7088	M13
TC030657_001	Melitaea_cinxia.ENSMCXP00005008553.1	OG0003876:	B1	12550at7088	M3
TC008409_001	Melitaea_cinxia.ENSMCXP00005015700.1	OG0006998:	F	11880at7088	M23
TC015996_001	Melitaea_cinxia.ENSMCXP00005003190.1	OG0005086:	H	12531at7088	M7
TC007397_001	Melitaea_cinxia.ENSMCXP00005004242.1	OG0003576:	F	4891at7088	M8
TC011073_002	Melitaea_cinxia.ENSMCXP00005000491.1	OG0002881:	L	775at7088	M20
TC000529_001	Melitaea_cinxia.ENSMCXP00005022616.1	OG0005346:	Qa	1519at7088	M18
TC033444_001	Melitaea_cinxia.ENSMCXP00005004080.1	OG0008312:	A2	6130at7088	M29
TC003826_001	Melitaea_cinxia.ENSMCXP00005012077.1	OG0002575:	C1	7223at7088	M2
TC013456_001	Melitaea_cinxia.ENSMCXP00005018920.1	OG0002406:	B1	391at7088	MZ
TC004970_001	Melitaea_cinxia.ENSMCXP00005000224.1	OG0002870:	F	2287at7088	M20
TC006164_001	Melitaea_cinxia.ENSMCXP00005019434.1	OG0006141:	K	15237at7088	M15
TC000925_001	Melitaea_cinxia.ENSMCXP00005025156.1	OG0005437:	F	3793at7088	M18
TC013430_001	Melitaea_cinxia.ENSMCXP00005022098.1	OG0004331:	Qa	9241at7088	M9
TC014756_001	Melitaea_cinxia.ENSMCXP00005008615.1	OG0003329:	J2	9730at7088	M1
TC030692_001	Melitaea_cinxia.ENSMCXP00005015864.1	OG0007849:	D	14940at7088	M19
TC003852_001	Melitaea_cinxia.ENSMCXP00005024807.1	OG0008194:	A1b	8040at7088	M27
TC000855_001	Melitaea_cinxia.ENSMCXP00005002882.1	OG0004692:	N	1391at7088	M5
TC011025_001	Melitaea_cinxia.ENSMCXP00005009878.1	OG0003783:	F	13519at7088	M8
TC000379_001	Melitaea_cinxia.ENSMCXP00005014573.1	OG0005672:	I	10791at7088	M16
TC007178_001	Melitaea_cinxia.ENSMCXP00005004698.1	OG0004732:	A1b	10452at7088	M5
TC007395_001	Melitaea_cinxia.ENSMCXP00005026192.1	OG0005476:	N	6622at7088	M18
TC033770_001	Melitaea_cinxia.ENSMCXP00005019098.1	OG0006948:	B1	4820at7088	M11
TC031483_002	Melitaea_cinxia.ENSMCXP00005029281.1	OG0004999:	L	4851at7088	M6
TC015474_001	Melitaea_cinxia.ENSMCXP00005006501.1	OG0005240:	L	11390at7088	M7
TC033093_001	Melitaea_cinxia.ENSMCXP00005021692.1	OG0008208:	C1	1962at7088	M2
TC004823_001	Melitaea_cinxia.ENSMCXP00005002536.1	OG0003004:	B1	9548at7088	M20
TC007472_001	Melitaea_cinxia.ENSMCXP00005017437.1	OG0007042:	B1	9809at7088	M23
TC009328_001	Melitaea_cinxia.ENSMCXP00005024345.1	OG0006553:	Ea	8148at7088	M10
TC005853_001	Melitaea_cinxia.ENSMCXP00005019138.1	OG0002409:	J1	9101at7088	MZ
TC003196_001	Melitaea_cinxia.ENSMCXP00005020793.1	OG0002458:	F	7722at7088	MZ
TC013532_001	Melitaea_cinxia.ENSMCXP00005019105.1	OG0004198:	Qa	1952at7088	M9
TC032174_001	Melitaea_cinxia.ENSMCXP00005005399.1	OG0004762:	Qb	9047at7088	M5
TC013993_001	Melitaea_cinxia.ENSMCXP00005018230.1	OG0004157:	Qa	989at7088	M9
TC007375_001	Melitaea_cinxia.ENSMCXP00005026693.1	OG0004844:	A1b	5827at7088	M6
TC008246_001	Melitaea_cinxia.ENSMCXP00005003137.1	OG0004703:	A1a	1200at7088	M5
TC008217_001	Melitaea_cinxia.ENSMCXP00005002951.1	OG0004693:	A1a	9388at7088	M5
TC014322_001	Melitaea_cinxia.ENSMCXP00005011482.1	OG0003489:	D	10713at7088	M1
TC011159_001	Melitaea_cinxia.ENSMCXP00005022760.1	OG0005350:	Ea	7855at7088	M18
TC002599_001	Melitaea_cinxia.ENSMCXP00005019312.1	OG0002417:	F	12736at7088	MZ
TC004662_001	Melitaea_cinxia.ENSMCXP00005015114.1	OG0002751:	C1	5070at7088	M2
TC016203_001	Melitaea_cinxia.ENSMCXP00005000371.1	OG0002877:	F	2984at7088	M20
TC012507_001	Melitaea_cinxia.ENSMCXP00005008023.1	OG0003847:	B1	11383at7088	M3
TC005004_001	Melitaea_cinxia.ENSMCXP00005000310.1	OG0008027:	I	3866at7088	M30
TC007303_001	Melitaea_cinxia.ENSMCXP00005015071.1	OG0006782:	A1a	11374at7088	M11
TC010671_001	Melitaea_cinxia.ENSMCXP00005028022.1	OG0006706:	I	9389at7088	M10
TC000161_001	Melitaea_cinxia.ENSMCXP00005002867.1	OG0003022:	M	10186at7088	M20
TC003767_001	Melitaea_cinxia.ENSMCXP00005025090.1	OG0005433:	N	3468at7088	M18
TC006180_001	Melitaea_cinxia.ENSMCXP00005022783.1	OG0006293:	Qd	8151at7088	M15
TC005421_001	Melitaea_cinxia.ENSMCXP00005010551.1	OG0003440:	P	3275at7088	M1
TC008067_001	Melitaea_cinxia.ENSMCXP00005016605.1	OG0007024:	O1	1123at7088	M23
TC015626_001	Melitaea_cinxia.ENSMCXP00005010477.1	OG0003433:	R	1625at7088	M1
TC014286_001	Melitaea_cinxia.ENSMCXP00005009734.1	OG0003393:	B2	4002at7088	M1
TC009562_001	Melitaea_cinxia.ENSMCXP00005019159.1	OG0006952:	B2	1935at7088	M11
TC011638_001	Melitaea_cinxia.ENSMCXP00005013349.1	OG0004068:	P	1750at7088	M3
TC013118_001	Melitaea_cinxia.ENSMCXP00005020692.1	OG0007461:	O2	9381at7088	M13
TC013355_001	Melitaea_cinxia.ENSMCXP00005002295.1	OG0002986:	N	4079at7088	M17
TC003901_001	Melitaea_cinxia.ENSMCXP00005029456.1	OG0005024:	G	7295at7088	M6
TC007521_001	Melitaea_cinxia.ENSMCXP00005020602.1	OG0006191:	F	2295at7088	M15
TC002864_001	Melitaea_cinxia.ENSMCXP00005017906.1	OG0002360:	D	9309at7088	MZ
TC031400_001	Melitaea_cinxia.ENSMCXP00005008229.1	OG0003304:	I	613at7088	M1
TC003574_001	Melitaea_cinxia.ENSMCXP00005020447.1	OG0002449:	O1	8733at7088	MZ
TC005167_001	Melitaea_cinxia.ENSMCXP00005000838.1	OG0007973:	Ea	1746at7088	M28
TC009929_001	Melitaea_cinxia.ENSMCXP00005023745.1	OG0008255:	C2	9004at7088	M25
TC005718_001	Melitaea_cinxia.ENSMCXP00005021458.1	OG0006231:	K	3257at7088	M15
TC009632_001	Melitaea_cinxia.ENSMCXP00005025015.1	OG0006584:	K	675at7088	M10
TC032389_001	Melitaea_cinxia.ENSMCXP00005018639.1	OG0002391:	J2	12572at7088	MZ
TC011311_001	Melitaea_cinxia.ENSMCXP00005002735.1	OG0003016:	M	7459at7088	M20
TC012376_001	Melitaea_cinxia.ENSMCXP00005012722.1	OG0004052:	B1	11269at7088	M3
TC011892_001	Melitaea_cinxia.ENSMCXP00005010864.1	OG0003979:	B1	12148at7088	M3
TC007147_001	Melitaea_cinxia.ENSMCXP00005005160.1	OG0003590:	O1	5168at7088	M8
TC009066_001	Melitaea_cinxia.ENSMCXP00005018782.1	OG0006938:	A1a	1800at7088	M11
TC033801_001	Melitaea_cinxia.ENSMCXP00005018013.1	OG0002365:	L	8327at7088	MZ
TC004566_001	Melitaea_cinxia.ENSMCXP00005017267.1	OG0004553:	Qa	9395at7088	M12
TC030602_001	Melitaea_cinxia.ENSMCXP00005006918.1	OG0007612:	I	7182at7088	M24
TC009481_001	Melitaea_cinxia.ENSMCXP00005013341.1	OG0007801:	J2	8931at7088	M19
TC000577_001	Melitaea_cinxia.ENSMCXP00005015279.1	OG0005691:	A1a	8081at7088	M16
TC030632_001	Melitaea_cinxia.ENSMCXP00005023115.1	OG0004353:	Ea	342at7088	M9
TC000603_001	Melitaea_cinxia.ENSMCXP00005019039.1	OG0004571:	B2	5625at7088	M12
TC034414_001	Melitaea_cinxia.ENSMCXP00005023198.1	OG0007488:	K	538at7088	M13
TC033259_001	Melitaea_cinxia.ENSMCXP00005018407.1	OG0002379:	B1	1355at7088	MZ
TC007534_001	Melitaea_cinxia.ENSMCXP00005012303.1	OG0006462:	A1a	12443at7088	M21
TC000514_001	Melitaea_cinxia.ENSMCXP00005012931.1	OG0004387:	K	12471at7088	M12
TC000467_001	Melitaea_cinxia.ENSMCXP00005010748.1	OG0005550:	A1a	11404at7088	M16
TC010804_001	Melitaea_cinxia.ENSMCXP00005014390.1	OG0002702:	C1	7928at7088	M2
TC013517_001	Melitaea_cinxia.ENSMCXP00005000146.1	OG0002865:	N	4934at7088	M17
TC013699_001	Melitaea_cinxia.ENSMCXP00005019740.1	OG0006967:	Ea	5082at7088	M11
TC003645_001	Melitaea_cinxia.ENSMCXP00005018819.1	OG0002400:	B3	4848at7088	MZ
TC005516_001	Melitaea_cinxia.ENSMCXP00005003001.1	OG0005079:	H	7163at7088	M7
TC006979_001	Melitaea_cinxia.ENSMCXP00005000935.1	OG0005897:	J2	271at7088	M4
TC010174_001	Melitaea_cinxia.ENSMCXP00005021970.1	OG0008215:	B2	6515at7088	M25
TC003775_001	Melitaea_cinxia.ENSMCXP00005024081.1	OG0005808:	C1	10313at7088	M22
TC007702_001	Melitaea_cinxia.ENSMCXP00005005349.1	OG0004760:	A2	2051at7088	M5
TC007565_001	Melitaea_cinxia.ENSMCXP00005003654.1	OG0004713:	A1a	3306at7088	M5
TC031357_001	Melitaea_cinxia.ENSMCXP00005026985.1	OG0005499:	B2	10212at7088	M18
TC014334_001	Melitaea_cinxia.ENSMCXP00005010881.1	OG0003458:	N	2138at7088	M1
TC004528_001	Melitaea_cinxia.ENSMCXP00005014780.1	OG0004462:	L	10821at7088	M12
TC003216_001	Melitaea_cinxia.ENSMCXP00005005670.1	OG0005202:	H	5585at7088	M7
TC007903_001	Melitaea_cinxia.ENSMCXP00005009045.1	OG0006368:	A1a	10966at7088	M21
TC008371_001	Melitaea_cinxia.ENSMCXP00005008877.1	OG0006362:	A1a	13790at7088	M21
TC030744_001	Melitaea_cinxia.ENSMCXP00005009949.1	OG0008377:	O2	3681at7088	M29
TC000462_001	Melitaea_cinxia.ENSMCXP00005011565.1	OG0005585:	K	12141at7088	M16
TC008665_001	Melitaea_cinxia.ENSMCXP00005002345.1	OG0002992:	P	11311at7088	M17
TC006213_001	Melitaea_cinxia.ENSMCXP00005027293.1	OG0004867:	B1	938at7088	M6
TC006477_001	Melitaea_cinxia.ENSMCXP00005020474.1	OG0006186:	Qd	382at7088	M15
TC010830_001	Melitaea_cinxia.ENSMCXP00005022522.1	OG0005766:	C1	10666at7088	M22
TC012743_001	Melitaea_cinxia.ENSMCXP00005007471.1	OG0007632:	I	6795at7088	M24
TC005074_001	Melitaea_cinxia.ENSMCXP00005000288.1	OG0002872:	J1	8298at7088	M17
TC002139_001	Melitaea_cinxia.ENSMCXP00005022166.1	OG0008157:	A1a	1910at7088	M27
TC010917_001	Melitaea_cinxia.ENSMCXP00005008844.1	OG0003350:	N	8818at7088	M1
TC006993_001	Melitaea_cinxia.ENSMCXP00005004260.1	OG0006051:	D	9817at7088	M4
TC015077_001	Melitaea_cinxia.ENSMCXP00005010814.1	OG0005552:	B1	5623at7088	M16
TC010207_001	Melitaea_cinxia.ENSMCXP00005003517.1	OG0007554:	B2	11224at7088	M26
TC004626_001	Melitaea_cinxia.ENSMCXP00005009079.1	OG0003903:	A1a	3067at7088	M13
TC014015_001	Melitaea_cinxia.ENSMCXP00005010290.1	OG0003421:	N	4243at7088	M1
TC010592_001	Melitaea_cinxia.ENSMCXP00005013967.1	OG0004083:	L	14697at7088	M29
TC013453_001	Melitaea_cinxia.ENSMCXP00005002022.1	OG0004673:	A1a	14556at7088	M5
TC002976_001	Melitaea_cinxia.ENSMCXP00005006806.1	OG0006117:	H	4208at7088	M4
TC001620_001	Melitaea_cinxia.ENSMCXP00005018212.1	OG0007410:	F	10826at7088	M13
TC034512_001	Melitaea_cinxia.ENSMCXP00005015592.1	OG0002769:	N	780at7088	M2
TC006729_001	Melitaea_cinxia.ENSMCXP00005007444.1	OG0005276:	H	3254at7088	M7
TC004396_001	Melitaea_cinxia.ENSMCXP00005025745.1	OG0005460:	C2	155at7088	M18
TC001720_001	Melitaea_cinxia.ENSMCXP00005013831.1	OG0002673:	J1	14326at7088	M2
TC005073_001	Melitaea_cinxia.ENSMCXP00005000764.1	OG0002896:	J1	1734at7088	M17
TC006853_001	Melitaea_cinxia.ENSMCXP00005017599.1	OG0002343:	F	270at7088	MZ
TC007396_001	Melitaea_cinxia.ENSMCXP00005009778.1	OG0003778:	O2	5794at7088	M8
TC009742_001	Melitaea_cinxia.ENSMCXP00005012491.1	OG0007782:	J2	2754at7088	M19
TC004130_001	Melitaea_cinxia.ENSMCXP00005000896.1	OG0007975:	Ea	3065at7088	M28
TC003234_001	Melitaea_cinxia.ENSMCXP00005007099.1	OG0003209:	O1	11587at7088	M20
TC011022_001	Melitaea_cinxia.ENSMCXP00005006380.1	OG0003643:	O1	6707at7088	M8
TC013074_001	Melitaea_cinxia.ENSMCXP00005024138.1	OG0004374:	Qc	10250at7088	M9
TC007717_001	Melitaea_cinxia.ENSMCXP00005009114.1	OG0006372:	A2	3663at7088	M21
TC004637_001	Melitaea_cinxia.ENSMCXP00005007907.1	OG0003281:	J1	1336at7088	M1
TC033312_001	Melitaea_cinxia.ENSMCXP00005004063.1	OG0004721:	F	1488at7088	M5
TC009996_001	Melitaea_cinxia.ENSMCXP00005005400.1	OG0003157:	G	9903at7088	M20
TC005585_001	Melitaea_cinxia.ENSMCXP00005016512.1	OG0006852:	A1a	3904at7088	M11
TC013837_001	Melitaea_cinxia.ENSMCXP00005019858.1	OG0004228:	Qc	7378at7088	M9
TC003007_001	Melitaea_cinxia.ENSMCXP00005000098.1	OG0005859:	Ea	3402at7088	M4
TC009376_001	Melitaea_cinxia.ENSMCXP00005027782.1	OG0006699:	L	522at7088	M10
TC032535_001	Melitaea_cinxia.ENSMCXP00005012423.1	OG0003527:	M	2366at7088	M1
TC011404_001	Melitaea_cinxia.ENSMCXP00005004049.1	OG0003086:	Eb	1904at7088	M20
TC003871_001	Melitaea_cinxia.ENSMCXP00005022530.1	OG0005767:	C1	7219at7088	M22
TC006172_001	Melitaea_cinxia.ENSMCXP00005019147.1	OG0006131:	B1	8010at7088	M15
TC002097_001	Melitaea_cinxia.ENSMCXP00005000030.1	OG0002856:	N	5002at7088	M17
TC004792_001	Melitaea_cinxia.ENSMCXP00005002277.1	OG0007987:	L	1065at7088	M28
TC007709_001	Melitaea_cinxia.ENSMCXP00005010106.1	OG0003789:	O1	5523at7088	M8
TC010519_001	Melitaea_cinxia.ENSMCXP00005017979.1	OG0007400:	F	2279at7088	M13
TC001753_001	Melitaea_cinxia.ENSMCXP00005015491.1	OG0002765:	N	8120at7088	M2
TC007016_001	Melitaea_cinxia.ENSMCXP00005005966.1	OG0003620:	F	14137at7088	M8
TC009638_001	Melitaea_cinxia.ENSMCXP00005026434.1	OG0006635:	C1	14690at7088	M10
TC001111_001	Melitaea_cinxia.ENSMCXP00005002419.1	OG0004682:	Qd	12016at7088	M5
TC001682_001	Melitaea_cinxia.ENSMCXP00005011280.1	OG0004003:	G	6754at7088	M3
TC008959_001	Melitaea_cinxia.ENSMCXP00005006284.1	OG0003182:	C2	1256at7088	M17
TC011352_001	Melitaea_cinxia.ENSMCXP00005016135.1	OG0002789:	L	8372at7088	M2
TC013228_001	Melitaea_cinxia.ENSMCXP00005017379.1	OG0002331:	B1	2258at7088	MZ
TC009342_001	Melitaea_cinxia.ENSMCXP00005022433.1	OG0005763:	C1	4021at7088	M22
TC033046_001	Melitaea_cinxia.ENSMCXP00005023227.1	OG0004354:	K	978at7088	M9
TC032130_001	Melitaea_cinxia.ENSMCXP00005010129.1	OG0005523:	A1b	1187at7088	M16
TC008324_001	Melitaea_cinxia.ENSMCXP00005007952.1	OG0003712:	F	3602at7088	M8
TC011923_001	Melitaea_cinxia.ENSMCXP00005028078.1	OG0004906:	P	4287at7088	M6
TC010300_001	Melitaea_cinxia.ENSMCXP00005010028.1	OG0003943:	G	2658at7088	M3
TC014612_001	Melitaea_cinxia.ENSMCXP00005011281.1	OG0003477:	N	7356at7088	M1
TC000542_001	Melitaea_cinxia.ENSMCXP00005013872.1	OG0004423:	C2	7544at7088	M12
TC030783_001	Melitaea_cinxia.ENSMCXP00005018505.1	OG0007419:	B2	5821at7088	M13
TC034118_001	Melitaea_cinxia.ENSMCXP00005021510.1	OG0006234:	B1	8394at7088	M15
TC012371_001	Melitaea_cinxia.ENSMCXP00005022679.1	OG0004345:	M	2276at7088	M9
TC030054_001	Melitaea_cinxia.ENSMCXP00005013305.1	OG0005637:	A1a	13504at7088	M16
TC007276_001	Melitaea_cinxia.ENSMCXP00005013171.1	OG0006488:	A1b	4147at7088	M21
TC008784_001	Melitaea_cinxia.ENSMCXP00005024805.1	OG0006570:	C1	1130at7088	M10
TC007444_001	Melitaea_cinxia.ENSMCXP00005008595.1	OG0003735:	F	2041at7088	M8
TC012411_001	Melitaea_cinxia.ENSMCXP00005007781.1	OG0003833:	G	8150at7088	M3
TC004745_001	Melitaea_cinxia.ENSMCXP00005012829.1	OG0002621:	L	692at7088	M2
TC007229_001	Melitaea_cinxia.ENSMCXP00005012034.1	OG0006456:	A1a	6885at7088	M21
TC012106_001	Melitaea_cinxia.ENSMCXP00005020238.1	OG0004249:	Ea	12390at7088	M9
TC014258_001	Melitaea_cinxia.ENSMCXP00005004594.1	OG0003122:	K	9367at7088	M30
TC012149_001	Melitaea_cinxia.ENSMCXP00005006474.1	OG0007598:	I	10268at7088	M24
TC008012_001	Melitaea_cinxia.ENSMCXP00005009008.1	OG0006367:	A1b	5064at7088	M21
TC014424_001	Melitaea_cinxia.ENSMCXP00005002199.1	OG0002979:	J1	835at7088	M17
TC014574_001	Melitaea_cinxia.ENSMCXP00005007579.1	OG0003263:	D	10057at7088	M1
TC033165_001	Melitaea_cinxia.ENSMCXP00005007389.1	OG0003252:	J2	1214at7088	M1
TC012167_001	Melitaea_cinxia.ENSMCXP00005006015.1	OG0007585:	I	9603at7088	M24
TC006992_001	Melitaea_cinxia.ENSMCXP00005029115.1	OG0004976:	G	10513at7088	M6
TC034643_001	Melitaea_cinxia.ENSMCXP00005008900.1	OG0006363:	A2	12021at7088	M21
TC015016_001	Melitaea_cinxia.ENSMCXP00005018518.1	OG0004163:	B1	2884at7088	M9
TC034549_001	Melitaea_cinxia.ENSMCXP00005017981.1	OG0007050:	A1a	6267at7088	M23
TC007932_001	Melitaea_cinxia.ENSMCXP00005011487.1	OG0003822:	F	13014at7088	M8
TC006854_001	Melitaea_cinxia.ENSMCXP00005021081.1	OG0002463:	F	2019at7088	MZ
TC001014_001	Melitaea_cinxia.ENSMCXP00005022584.1	OG0005770:	C1	1250at7088	M22
TC006614_001	Melitaea_cinxia.ENSMCXP00005023807.1	OG0006331:	P	6033at7088	M15
TC015638_001	Melitaea_cinxia.ENSMCXP00005023621.1	OG0005379:	Ea	15192at7088	M18
TC008728_001	Melitaea_cinxia.ENSMCXP00005025277.1	OG0006598:	C1	3023at7088	M10
TC001365_001	Melitaea_cinxia.ENSMCXP00005014412.1	OG0004444:	B2	12276at7088	M12
TC009538_001	Melitaea_cinxia.ENSMCXP00005001659.1	OG0002945:	D	1358at7088	M19
TC031196_001	Melitaea_cinxia.ENSMCXP00005018708.1	OG0006937:	A1a	1356at7088	M11
TC015540_001	Melitaea_cinxia.ENSMCXP00005001540.1	OG0002941:	F	5322at7088	M20
TC006736_001	Melitaea_cinxia.ENSMCXP00005002499.1	OG0005064:	O2	7172at7088	M7
TC001580_001	Melitaea_cinxia.ENSMCXP00005016979.1	OG0002321:	M	1144at7088	MZ
TC004956_001	Melitaea_cinxia.ENSMCXP00005019063.1	OG0006128:	R	4631at7088	M15
TC011021_001	Melitaea_cinxia.ENSMCXP00005008169.1	OG0005296:	I	1809at7088	M7
TC030991_001	Melitaea_cinxia.ENSMCXP00005017199.1	OG0004550:	K	5364at7088	M12
TC000739_001	Melitaea_cinxia.ENSMCXP00005015359.1	OG0005696:	K	13129at7088	M16
TC033257_001	Melitaea_cinxia.ENSMCXP00005007565.1	OG0003261:	Ea	1661at7088	M1
TC009607_001	Melitaea_cinxia.ENSMCXP00005015037.1	OG0006780:	A1a	2701at7088	M11
TC000875_001	Melitaea_cinxia.ENSMCXP00005014223.1	OG0004436:	Qc	4064at7088	M12
TC003138_001	Melitaea_cinxia.ENSMCXP00005002793.1	OG0005982:	D	15247at7088	M4
TC007171_001	Melitaea_cinxia.ENSMCXP00005005910.1	OG0003617:	F	9648at7088	M8
TC011711_001	Melitaea_cinxia.ENSMCXP00005019020.1	OG0004195:	L	8356at7088	M9
TC012543_001	Melitaea_cinxia.ENSMCXP00005006345.1	OG0004797:	A1a	396at7088	M5
TC009105_001	Melitaea_cinxia.ENSMCXP00005024836.1	OG0006573:	D	1619at7088	M10
TC005129_001	Melitaea_cinxia.ENSMCXP00005013467.1	OG0005643:	I	13303at7088	M16
TC031391_001	Melitaea_cinxia.ENSMCXP00005020442.1	OG0005705:	C1	1729at7088	M22
TC001098_001	Melitaea_cinxia.ENSMCXP00005011915.1	OG0005599:	K	12603at7088	M16
TC003698_001	Melitaea_cinxia.ENSMCXP00005002971.1	OG0005990:	B3	3129at7088	M4
TC030666_001	Melitaea_cinxia.ENSMCXP00005025783.1	OG0007178:	G	11969at7088	M14
TC003548_001	Melitaea_cinxia.ENSMCXP00005002565.1	OG0007989:	J1	6105at7088	M28
TC006844_001	Melitaea_cinxia.ENSMCXP00005018851.1	OG0004184:	Ea	4950at7088	M9
TC011515_001	Melitaea_cinxia.ENSMCXP00005010848.1	OG0003977:	A1b	3785at7088	M3
TC004316_001	Melitaea_cinxia.ENSMCXP00005008543.1	OG0003875:	G	11977at7088	M3
TC006199_001	Melitaea_cinxia.ENSMCXP00005023098.1	OG0006300:	K	11191at7088	M15
TC009294_001	Melitaea_cinxia.ENSMCXP00005011920.1	OG0007762:	D	4174at7088	M19
TC033608_001	Melitaea_cinxia.ENSMCXP00005017202.1	OG0007372:	A1a	10153at7088	M13
TC015948_001	Melitaea_cinxia.ENSMCXP00005015321.1	OG0007839:	B3	4860at7088	M19
TC008897_001	Melitaea_cinxia.ENSMCXP00005012321.1	OG0002589:	J1	11396at7088	M2
TC030948_001	Melitaea_cinxia.ENSMCXP00005014810.1	OG0005678:	I	315at7088	M16
TC007758_001	Melitaea_cinxia.ENSMCXP00005011534.1	OG0006442:	D	664at7088	M21
TC003148_001	Melitaea_cinxia.ENSMCXP00005001022.1	OG0005900:	I	3658at7088	M4
TC000506_001	Melitaea_cinxia.ENSMCXP00005000721.1	OG0004621:	K	5036at7088	M12
TC006507_001	Melitaea_cinxia.ENSMCXP00005020172.1	OG0006172:	H	1982at7088	M15
TC008355_001	Melitaea_cinxia.ENSMCXP00005013895.1	OG0006510:	A1b	6464at7088	M21
TC008966_001	Melitaea_cinxia.ENSMCXP00005017542.1	OG0006903:	A1a	7698at7088	M11
TC010635_001	Melitaea_cinxia.ENSMCXP00005014768.1	OG0004109:	Ea	3404at7088	M3
TC003642_001	Melitaea_cinxia.ENSMCXP00005018806.1	OG0002399:	D	6818at7088	MZ
TC007586_001	Melitaea_cinxia.ENSMCXP00005021560.1	OG0007472:	K	9688at7088	M13
TC005604_001	Melitaea_cinxia.ENSMCXP00005019087.1	OG0007065:	F	12993at7088	M23
TC007191_001	Melitaea_cinxia.ENSMCXP00005017677.1	OG0007046:	O2	4964at7088	M23
TC000358_001	Melitaea_cinxia.ENSMCXP00005027254.1	OG0005502:	P	637at7088	M18
TC014647_001	Melitaea_cinxia.ENSMCXP00005020125.1	OG0004241:	K	2409at7088	M9
TC009191_002	Melitaea_cinxia.ENSMCXP00005018855.1	OG0006940:	A1a	1330at7088	M11
TC012484_001	Melitaea_cinxia.ENSMCXP00005015154.1	OG0004124:	P	589at7088	M3
TC013590_001	Melitaea_cinxia.ENSMCXP00005000212.1	OG0007964:	Ea	302at7088	M28
TC004918_001	Melitaea_cinxia.ENSMCXP00005014716.1	OG0005677:	A1a	6980at7088	M16
TC010431_001	Melitaea_cinxia.ENSMCXP00005008881.1	OG0003352:	D	326at7088	M1
TC000391_001	Melitaea_cinxia.ENSMCXP00005013086.1	OG0004390:	B2	608at7088	M12
TC013515_001	Melitaea_cinxia.ENSMCXP00005011326.1	OG0003480:	D	10542at7088	M1
TC005937_001	Melitaea_cinxia.ENSMCXP00005007183.1	OG0005267:	H	4554at7088	M7
TC034706_001	Melitaea_cinxia.ENSMCXP00005023251.1	OG0002502:	K	5030at7088	MZ
TC007791_001	Melitaea_cinxia.ENSMCXP00005001838.1	OG0004662:	A1a	4632at7088	M5
TC010045_001	Melitaea_cinxia.ENSMCXP00005014485.1	OG0005669:	K	13213at7088	M16
TC015755_001	Melitaea_cinxia.ENSMCXP00005024996.1	OG0006582:	P	7192at7088	M13
TC004468_001	Melitaea_cinxia.ENSMCXP00005011805.1	OG0005594:	Ea	12503at7088	M16
TC015858_001	Melitaea_cinxia.ENSMCXP00005029267.1	OG0007327:	G	7594at7088	M14
TC002096_001	Melitaea_cinxia.ENSMCXP00005000400.1	OG0002879:	N	5016at7088	M17
TC012067_001	Melitaea_cinxia.ENSMCXP00005022562.1	OG0004342:	L	1011at7088	M9
TC032543_001	Melitaea_cinxia.ENSMCXP00005011722.1	OG0005591:	B2	6085at7088	M16
TC001752_001	Melitaea_cinxia.ENSMCXP00005018120.1	OG0002849:	J1	2580at7088	M2
TC032877_001	Melitaea_cinxia.ENSMCXP00005005550.1	OG0004767:	F	51at7088	M5
TC005496_001	Melitaea_cinxia.ENSMCXP00005028209.1	OG0004912:	G	5075at7088	M6
TC002268_001	Melitaea_cinxia.ENSMCXP00005026286.1	OG0004833:	G	4354at7088	M6
TC004395_001	Melitaea_cinxia.ENSMCXP00005012774.1	OG0006477:	A1b	1931at7088	M21
TC032431_001	Melitaea_cinxia.ENSMCXP00005007979.1	OG0005290:	M	927at7088	M7
TC010798_001	Melitaea_cinxia.ENSMCXP00005027634.1	OG0004883:	O1	949at7088	M13
TC015633_001	Melitaea_cinxia.ENSMCXP00005027359.1	OG0007237:	G	11349at7088	M14
