chr	merian_segment	species	start	stop	repeat_density	length	assigned_merian	status	genome_size	genome_repeat_density	prop_length	scaled_repeat_density	n_row	relative_size	max_segment_length	avg_scaled_repeat_density	repeat_delta	avg_prop_length_per_Merian	complete_chr_prop_length	length_delta	tempvar
BHWX01000011.1	M31	Bombyx_mori	0	4248449	51.34417	4248449	NA	segment	460334017	4452.14297638837	0.922905725648339	0.0115324620687836	3	Small	16191558	1.45175624645264	144.022378438386	1.7970209317919	4.44025560683255	2.64323467504065	All fusions
BHWX01000011.1	M4	Bombyx_mori	4248449	20440007	39.15892	16191558	NA	segment	460334017	4452.14297638837	3.51734988118421	0.00879552166398892	3	Large	16191558	0.923763367304604	91.4967845640615	3.44140973354834	4.44025560683255	0.99884587328421	All fusions
BHWX01000023.1	M16	Bombyx_mori	0	16357366	40.2328	16357366	NA	segment	460334017	4452.14297638837	3.55336894427248	0.00903672685566745	3	Large	16357366	0.913235948533972	90.4199221678305	3.53443567365496	4.66306881683263	1.12863314317767	All fusions
BHWX01000023.1	M29	Bombyx_mori	16357366	21465692	51.27175	5108326	NA	segment	460334017	4452.14297638837	1.10969987256015	0.0115161957448169	3	Small	16357366	1.40039665637138	138.888046062656	1.75470312175348	4.66306881683263	2.90836569507915	All fusions
BHWX01000024.1	M27	Bombyx_mori	0	11906935	54.63861	11906935	NA	segment	460334017	4452.14297638837	2.58658594852442	0.0122724293199414	3	Large	11906935	1.17962864164421	116.735621232427	2.28563687548757	3.77099505118693	1.48535817569936	All fusions
BHWX01000024.1	M30	Bombyx_mori	11906935	17359173	58.37652	5452238	NA	segment	460334017	4452.14297638837	1.18440910266251	0.0131120047827745	3	Small	11906935	1.39325873867886	138.014673389609	1.91523158867716	3.77099505118693	1.85576346250977	All fusions
CM022527.1	M29	Dendrolimus_punctatus	19425448	27739167	46.052	8313719	NA	segment	614070971	4761.05727674023	1.35386940477927	0.00967264145822891	3	Small	19425448	1.40039665637138	139.072401491315	1.75470312175348	4.51725750116919	2.76255437941571	All fusions
CM022527.1	M16	Dendrolimus_punctatus	0	19425448	40.93095	19425448	NA	segment	614070971	4761.05727674023	3.16338809638992	0.00859702952954692	3	Large	19425448	0.913235948533972	90.4638919004425	3.53443567365496	4.51725750116919	0.98282182751423	All fusions
CM026249.1	M24	Manduca_sexta	0	8501760	24.41498	8501760	NA	segment	470021481	2694.89445833956	1.8088024364146	0.00905971657793349	3	Large	8501760	1.12548759354658	111.642787696865	2.63621776349812	3.32408616022381	0.68786839672569	All fusions
CM026249.1	M25	Manduca_sexta	8501760	15623919	23.88208	7122159	NA	segment	470021481	2694.89445833956	1.51528372380921	0.00886197228470119	3	Small	8501760	1.26865230532754	125.979033304284	1.87760829625044	3.32408616022381	1.44647786397337	All fusions
CM026257.1	M9	Manduca_sexta	5477232	20265868	21.55146	14788636	NA	segment	470021481	2694.89445833956	3.14637449516908	0.00799714435320735	3	Large	14788636	0.901577611651797	89.358046729859	3.85742316603665	4.31168974594163	0.45426657990498	All fusions
CM026257.1	M30	Manduca_sexta	0	5477232	29.32583	5477232	NA	segment	470021481	2694.89445833956	1.16531525077255	0.0108819957342852	3	Small	14788636	1.39325873867886	138.237674294457	1.91523158867716	4.31168974594163	2.39645815726447	All fusions
CM034388.1	M29	Dendrolimus_kikuchii	0	8028744	59.32108	8028744	NA	segment	705515768	5691.11470174956	1.13799639415005	0.0104234553525627	3	Small	24131472	1.40039665637138	138.997320101882	1.75470312175348	4.55839790670703	2.80369478495355	All fusions
CM034388.1	M16	Dendrolimus_kikuchii	8028744	32160216	51.6911	24131472	NA	segment	705515768	5691.11470174956	3.42040151255698	0.00908277248112907	3	Large	24131472	0.913235948533972	90.4153176052843	3.53443567365496	4.55839790670703	1.02396223305207	All fusions
CM041030.1	M24	Hyles_euphorbiae	0	10127532	35.79856	10127532	NA	segment	504323440	3628.012026268	2.00814223507041	0.00986726607872484	3	Large	10127532	1.12548759354658	111.562032746786	2.63621776349812	3.94674893556405	1.31053117206593	All fusions
CM041030.1	M25	Hyles_euphorbiae	10127532	19904380	35.92718	9776848	NA	segment	504323440	3628.012026268	1.93860670049364	0.0099027180008984	3	Small	10127532	1.26865230532754	125.874958732664	1.87760829625044	3.94674893556405	2.06914063931361	All fusions
CM041050.1	M30	Hyles_euphorbiae	0	6945158	45.0269	6945158	NA	segment	504323440	3628.012026268	1.37712377596409	0.0124109015278865	3	Small	20148283	1.39325873867886	138.084783715097	1.91523158867716	5.37223512752055	3.45700353884339	All fusions
CM041050.1	M9	Hyles_euphorbiae	6945158	27093441	34.80521	20148283	NA	segment	504323440	3628.012026268	3.99511135155645	0.00959346599404821	3	Large	20148283	0.901577611651797	89.1984145657749	3.85742316603665	5.37223512752055	1.5148119614839	All fusions
CM042805.1	M25	Hyles_vespertilio	0	10158297	47.89396	10158297	NA	segment	651427907	4769.48036430676	1.5593892878771	0.0100417564056711	3	Small	14395520	1.26865230532754	125.861054892187	1.87760829625044	3.76923013830907	1.89162184205863	All fusions
CM042805.1	M24	Hyles_vespertilio	10158297	24553817	47.29926	14395520	NA	segment	651427907	4769.48036430676	2.20984085043197	0.00991706776989214	3	Large	14395520	1.12548759354658	111.557052577669	2.63621776349812	3.76923013830907	1.13301237481095	All fusions
CM042825.1	M9	Hyles_vespertilio	8868482	33800775	46.66535	24932293	NA	segment	651427907	4769.48036430676	3.82732958353287	0.00978415811274291	3	Large	24932293	0.901577611651797	89.1793453539054	3.85742316603665	5.18872075279391	1.33129758675726	All fusions
CM042825.1	M30	Hyles_vespertilio	0	8868482	56.05161	8868482	NA	segment	651427907	4769.48036430676	1.36139116926104	0.0117521418935849	3	Small	24932293	1.39325873867886	138.150659678528	1.91523158867716	5.18872075279391	3.27348916411675	All fusions
FR989928.1	M30	Plebejus_argus	0	6499959	45.08139	6499959	NA	segment	382120270	4199.06391067588	1.70102439213706	0.0107360571210605	3	Small	13835292	1.39325873867886	138.25226815578	1.91523158867716	5.32168864007136	3.4064570513942	All fusions
FR989928.1	M18	Plebejus_argus	6499959	20335251	39.20262	13835292	NA	segment	382120270	4199.06391067588	3.6206642479343	0.00933603794415455	3	Large	13835292	0.896362239537573	88.7026201593418	3.6073807594858	5.32168864007136	1.71430788058556	All fusions
FR989931.1	M29	Plebejus_argus	0	4700319	45.20493	4700319	NA	segment	382120270	4199.06391067588	1.23006272344568	0.0107654779640455	3	Small	14541623	1.40039665637138	138.963117840733	1.75470312175348	5.03557217731475	3.28086905556127	All fusions
FR989931.1	M12	Plebejus_argus	4700319	19241942	39.9034	14541623	NA	segment	382120270	4199.06391067588	3.80550945386907	0.00950292752119059	3	Large	14541623	0.918965140398872	90.9462212877681	3.72200454057241	5.03557217731475	1.31356763674234	All fusions
FR989950.1	M29	Anthocharis_cardamines	11692274	17367467	52.2526	5675193	NA	segment	359616706	4039.2260873988	1.57812273604441	0.0129362899895633	3	Small	11692274	1.40039665637138	138.746036638182	1.75470312175348	4.82943831869702	3.07473519694354	All fusions
FR989950.1	M6	Anthocharis_cardamines	0	11692274	35.82448	11692274	NA	segment	359616706	4039.2260873988	3.2513155826526	0.00886914454027762	3	Large	11692274	0.951864366501798	94.299522196152	3.49987658469612	4.82943831869702	1.3295617340009	All fusions
FR989983.1	M12	Fabriciana_adippe	0	19616364	40.70987	19616364	NA	segment	484826487	4316.93301101823	4.04605864695672	0.00943027605387784	3	Large	19616364	0.918965140398872	90.9534864344994	3.72200454057241	5.37344198358536	1.65143744301295	All fusions
FR989983.1	M30	Fabriciana_adippe	19616364	26051870	48.34827	6435506	NA	segment	484826487	4316.93301101823	1.32738333662864	0.0111996803926768	3	Small	19616364	1.39325873867886	138.205905828618	1.91523158867716	5.37344198358536	3.4582103949082	All fusions
FR990015.1	M14	Hesperia_comma	0	15786414	42.34392	15786414	NA	segment	525353014	3832.59836627375	3.00491547194207	0.0110483583076744	3	Large	15786414	1.04519975456533	103.415139625766	3.01195071541351	4.20253494538817	1.19058422997466	All fusions
FR990015.1	M30	Hesperia_comma	15786414	22078144	43.51007	6291730	NA	segment	525353014	3832.59836627375	1.1976194734461	0.0113526296892682	3	Small	15786414	1.39325873867886	138.190610898959	1.91523158867716	4.20253494538817	2.28730335671101	All fusions
FR990032.1	M27	Hesperia_comma	5999785	15667894	33.25076	9668109	NA	segment	525353014	3832.59836627375	1.84030713488968	0.00867577471529533	3	Large	9668109	1.17962864164421	117.095286692891	2.28563687548757	2.9823554034088	0.69671852792123	All fusions
FR990032.1	M29	Hesperia_comma	0	5999785	35.63079	5999785	NA	segment	525353014	3832.59836627375	1.14204826851912	0.0092967711705837	3	Small	9668109	1.40039665637138	139.10998852008	1.75470312175348	2.9823554034088	1.22765228165532	All fusions
FR990044.1	M30	Glaucopsyche_alexis	21395601	33008129	58.57044	11612528	NA	segment	619543730	5975.12109850128	1.87436777061726	0.009802385430262	3	Small	21395601	1.39325873867886	138.34563532486	1.91523158867716	5.3278126146156	3.41258102593844	All fusions
FR990044.1	M18	Glaucopsyche_alexis	0	21395601	55.6401	21395601	NA	segment	619543730	5975.12109850128	3.45344484399834	0.0093119618971331	3	Large	21395601	0.896362239537573	88.705027764044	3.6073807594858	5.3278126146156	1.7204318551298	All fusions
FR990048.1	M12	Glaucopsyche_alexis	0	19289244	58.72679	19289244	NA	segment	619543730	5975.12109850128	3.11345964230806	0.0098285522639416	3	Large	19289244	0.918965140398872	90.913658813493	3.72200454057241	4.98495158687184	1.26294704629943	All fusions
FR990048.1	M29	Glaucopsyche_alexis	19289244	30883955	59.11319	11594711	NA	segment	619543730	5975.12109850128	1.87149194456378	0.00989322040934487	3	Small	19289244	1.40039665637138	139.050343596204	1.75470312175348	4.98495158687184	3.23024846511836	All fusions
FR990061.1	M31	Glaucopsyche_alexis	0	7204069	68.66403	7204069	NA	segment	619543730	5975.12109850128	1.1628023416523	0.0114916549586288	3	Small	14840035	1.45175624645264	144.026459149401	1.7970209317919	3.55811913389875	1.76109820210685	All fusions
FR990061.1	M28	Glaucopsyche_alexis	7204069	22044104	56.85092	14840035	NA	segment	619543730	5975.12109850128	2.39531679224645	0.00951460548879248	3	Large	14840035	1.02035044735876	101.083584186997	2.34421875945108	3.55811913389875	1.21390037444767	All fusions
FR990086.1	M25	Erannis_defoliaria	8001581	17341766	47.85708	9340185	NA	segment	522369616	4295.57239106971	1.78804140093784	0.0111410251400937	3	Large	9340185	1.26865230532754	125.751128018745	1.87760829625044	3.31982670293748	1.44221840668704	All fusions
FR990086.1	M29	Erannis_defoliaria	0	8001581	50.79635	8001581	NA	segment	522369616	4295.57239106971	1.53178530199965	0.0118252808649211	3	Small	9340185	1.40039665637138	138.857137550646	1.75470312175348	3.31982670293748	1.565123581184	All fusions
FR990099.1	M29	Hedya_salicella	0	9634318	58.42375	9634318	NA	segment	742325546	4989.09361698316	1.29785618343788	0.011710293388988	3	Small	31913652	1.40039665637138	138.868636298239	1.75470312175348	5.5970012380525	3.84229811629902	All fusions
FR990099.1	M2	Hedya_salicella	9634318	41547970	47.38016	31913652	NA	segment	742325546	4989.09361698316	4.29914505461462	0.00949674703210925	3	Large	31913652	0.885653663405524	87.6156916373415	4.12060824290685	5.5970012380525	1.47639299514565	All fusions
FR990129.1	M30	Ochlodes_sylvanus	9735625	14695477	33.33448	4959852	NA	segment	379686201	2576.89071868236	1.30630293830457	0.0129359307937765	3	Small	9735625	1.39325873867886	138.032280788508	1.91523158867716	3.87042693711168	1.95519534843452	All fusions
FR990129.1	M14	Ochlodes_sylvanus	0	9735625	21.21449	9735625	NA	segment	379686201	2576.89071868236	2.56412399880711	0.00823259203279198	3	Large	9735625	1.04519975456533	103.696716253254	3.01195071541351	3.87042693711168	0.85847622169817	All fusions
FR990141.1	M27	Ochlodes_sylvanus	0	7526273	22.6757	7526273	NA	segment	379686201	2576.89071868236	1.98223506152651	0.00879963586953922	3	Large	7526273	1.17962864164421	117.082900577467	2.28563687548757	3.11340653646773	0.82776966098016	All fusions
FR990141.1	M29	Ochlodes_sylvanus	7526273	11821175	25.04534	4294902	NA	segment	379686201	2576.89071868236	1.13117147494122	0.00971920920760133	3	Small	7526273	1.40039665637138	139.067744716378	1.75470312175348	3.11340653646773	1.35870341471425	All fusions
FR997815.1	M31	Clostera_curtula	9367087	15071178	58.44148	5704091	NA	segment	512681271	4785.4176491997	1.11259983983304	0.0122124095082429	3	Small	9367087	1.45175624645264	143.95438369444	1.7970209317919	2.9396778958988	1.1426569641069	All fusions
FR997815.1	M30	Clostera_curtula	0	9367087	62.08035	9367087	NA	segment	512681271	4785.4176491997	1.82707805606575	0.0129728175367059	3	Large	9367087	1.39325873867886	138.028592114215	1.91523158867716	2.9396778958988	1.02444630722164	All fusions
HG992146.1	M9	Laothoe_populi	7805001	29548384	43.50951	21743383	NA	segment	576402658	4930.32315339876	3.77225585243571	0.00882487996146994	3	Large	21743383	0.901577611651797	89.2752731690327	3.85742316603665	5.12634416061281	1.26892099457616	All fusions
HG992146.1	M30	Laothoe_populi	0	7805001	54.23738	7805001	NA	segment	576402658	4930.32315339876	1.35408830817709	0.0110007758746221	3	Small	21743383	1.39325873867886	138.225796280424	1.91523158867716	5.12634416061281	3.21111257193565	All fusions
HG992147.1	M4	Laothoe_populi	0	19872618	43.29606	19872618	NA	segment	576402658	4930.32315339876	3.44769714785042	0.00878158665323053	3	Large	19872618	0.923763367304604	91.4981780651374	3.44140973354834	4.5347703792164	1.09336064566806	All fusions
HG992147.1	M29	Laothoe_populi	19872618	26138537	54.00777	6265919	NA	segment	576402658	4930.32315339876	1.08707323136598	0.0109542048907624	3	Small	19872618	1.40039665637138	138.944245148062	1.75470312175348	4.5347703792164	2.78006725746292	All fusions
HG992157.1	M25	Laothoe_populi	0	7938987	45.73369	7938987	NA	segment	576402658	4930.32315339876	1.37733351673753	0.00927600252094492	3	Small	13427595	1.26865230532754	125.93763028066	1.87760829625044	3.7068847104449	1.82927641419446	All fusions
HG992157.1	M24	Laothoe_populi	7938987	21366582	48.0388	13427595	NA	segment	576402658	4930.32315339876	2.32955119370737	0.00974353982596132	3	Large	13427595	1.12548759354658	111.574405372062	2.63621776349812	3.7068847104449	1.07066694694678	All fusions
HG995164.1	M30	Lycaena_phlaeas	15834181	23175137	41.65868	7340956	NA	segment	420484551	3491.09704479452	1.74583251216761	0.0119328335664905	3	Small	15834181	1.39325873867886	138.132590511237	1.91523158867716	5.51153114778764	3.59629955911048	All fusions
HG995164.1	M18	Lycaena_phlaeas	0	15834181	31.75433	15834181	NA	segment	420484551	3491.09704479452	3.76569863562003	0.00909580272119562	3	Large	15834181	0.896362239537573	88.7266436816377	3.6073807594858	5.51153114778764	1.90415038830184	All fusions
HG995166.1	M5	Lycaena_phlaeas	5359734	21478936	31.75351	16119202	NA	segment	420484551	3491.09704479452	3.8334825766286	0.00909556783800863	3	Large	16119202	0.93861183150141	92.9516263663402	3.73978175837042	5.10813915729332	1.3683573989229	All fusions
HG995166.1	M25	Lycaena_phlaeas	0	5359734	32.72937	5359734	NA	segment	420484551	3491.09704479452	1.27465658066472	0.00937509601711069	3	Small	16119202	1.26865230532754	125.927720931043	1.87760829625044	5.10813915729332	3.23053086104288	All fusions
HG995167.1	M29	Lycaena_phlaeas	17643252	21464198	34.75388	3820946	NA	segment	420484551	3491.09704479452	0.908700686128181	0.00995500255480453	3	Small	17643252	1.40039665637138	139.044165381658	1.75470312175348	5.10463415337226	3.34993103161878	All fusions
HG995167.1	M12	Lycaena_phlaeas	0	17643252	31.8574	17643252	NA	segment	420484551	3491.09704479452	4.19593346724408	0.00912532639202961	3	Large	17643252	0.918965140398872	90.9839814006842	3.72200454057241	5.10463415337226	1.38262961279985	All fusions
HG995183.1	M31	Lycaena_phlaeas	0	3476127	38.68043	3476127	NA	segment	420484551	3491.09704479452	0.826695532982851	0.0110797349668854	3	Small	10443982	1.45175624645264	144.067651148575	1.7970209317919	3.3104923752597	1.5134714434678	All fusions
HG995183.1	M28	Lycaena_phlaeas	3476127	13920109	32.7464	10443982	NA	segment	420484551	3491.09704479452	2.48379684227685	0.00937997413988456	3	Large	10443982	1.02035044735876	101.097047321888	2.34421875945108	3.3104923752597	0.96627361580862	All fusions
HG995220.1	M14	Maniola_jurtina	0	9150833	36.51254	9150833	NA	segment	402054102	3933.63828547179	2.27602030534687	0.0092821295071417	3	Large	9150833	1.04519975456533	103.591762505819	3.01195071541351	3.68942138040915	0.67747066499564	All fusions
HG995220.1	M29	Maniola_jurtina	9150833	14833470	37.76155	5682637	NA	segment	402054102	3933.63828547179	1.41340107506228	0.00959964980498226	3	Small	9150833	1.40039665637138	139.07970065664	1.75470312175348	3.68942138040915	1.93471825865567	All fusions
HG995238.1	M9	Mimas_tiliae	7533095	25978239	38.97849	18445144	NA	segment	477981037	4208.85755446547	3.85896982770888	0.00926106181917347	3	Large	18445144	0.901577611651797	89.2316549832623	3.85742316603665	5.43499364808483	1.57757048204818	All fusions
HG995238.1	M30	Mimas_tiliae	0	7533095	47.29774	7533095	NA	segment	477981037	4208.85755446547	1.57602382037595	0.0112376670837478	3	Small	18445144	1.39325873867886	138.202107159511	1.91523158867716	5.43499364808483	3.51976205940767	All fusions
HG995246.1	M25	Mimas_tiliae	0	6918921	39.90638	6918921	NA	segment	477981037	4208.85755446547	1.44753043832574	0.00948152306976047	3	Small	11499807	1.26865230532754	125.917078225778	1.87760829625044	3.85344324862829	1.97583495237785	All fusions
HG995246.1	M24	Mimas_tiliae	6918921	18418728	40.27249	11499807	NA	segment	477981037	4208.85755446547	2.40591281030256	0.00956850866983419	3	Large	11499807	1.12548759354658	111.591908487675	2.63621776349812	3.85344324862829	1.21722548513017	All fusions
LR761656.1	M14	Aphantopus_hyperantus	4860245	15949314	41.97246	11089069	NA	segment	408137179	4282.35387176232	2.71699555212538	0.00980125913385272	3	Large	11089069	1.04519975456533	103.539849543148	3.01195071541351	3.90783168518936	0.89588096977585	All fusions
LR761656.1	M29	Aphantopus_hyperantus	0	4860245	46.48529	4860245	NA	segment	408137179	4282.35387176232	1.19083613306398	0.0108550790971578	3	Small	11089069	1.40039665637138	138.954157727422	1.75470312175348	3.90783168518936	2.15312856343588	All fusions
LR990108.1	M25	Euproctis_similis	18745095	26047333	45.76344	7302238	NA	segment	507648523	4772.67163313133	1.43844366114703	0.00958864206837854	3	Small	18745095	1.26865230532754	125.906366325916	1.87760829625044	5.13097779662012	3.25336950036968	All fusions
LR990108.1	M18	Euproctis_similis	0	18745095	44.65086	18745095	NA	segment	507648523	4772.67163313133	3.6925341354731	0.0093555273507691	3	Large	18745095	0.896362239537573	88.7006712186804	3.6073807594858	5.13097779662012	1.52359703713432	All fusions
LR990259.1	M18	Aricia_agestis	0	15950994	43.66414	15950994	NA	segment	435280672	4647.45704891524	3.66453073294281	0.00939527564008184	3	Large	15950994	0.896362239537573	88.6966963897491	3.6073807594858	5.57475062894591	1.96736986946011	All fusions
LR990259.1	M30	Aricia_agestis	15950994	24265812	48.09581	8314818	NA	segment	435280672	4647.45704891524	1.9102198960031	0.0103488444312199	3	Small	15950994	1.39325873867886	138.290989424764	1.91523158867716	5.57475062894591	3.65951904026875	All fusions
LR990261.1	M12	Aricia_agestis	5123654	21698237	45.5619	16574583	NA	segment	435280672	4647.45704891524	3.80779209052498	0.00980361938162173	3	Large	16574583	0.918965140398872	90.916152101725	3.72200454057241	4.98488409795508	1.26287955738267	All fusions
LR990261.1	M29	Aricia_agestis	0	5123654	48.44629	5123654	NA	segment	435280672	4647.45704891524	1.17709200743009	0.010424257715584	3	Small	16574583	1.40039665637138	138.99723986558	1.75470312175348	4.98488409795508	3.2301809762016	All fusions
LR990275.1	M28	Aricia_agestis	3826335	14506835	42.46289	10680500	NA	segment	435280672	4647.45704891524	2.45370416998437	0.00913680095438671	3	Large	10680500	1.02035044735876	101.121364640437	2.34421875945108	3.33275422805817	0.98853546860709	All fusions
LR990275.1	M31	Aricia_agestis	0	3826335	48.91924	3826335	NA	segment	435280672	4647.45704891524	0.879050058073794	0.0105260230455316	3	Small	10680500	1.45175624645264	144.123022340711	1.7970209317919	3.33275422805817	1.53573329626627	All fusions
LR990899.1	M25	Pararge_aegeria	0	6821648	38.22409	6821648	NA	segment	516586240	3764.44298175239	1.3205245265534	0.01015398298906	3	Small	13489028	1.26865230532754	125.849832233848	1.87760829625044	3.93171060847459	2.05410231222415	All fusions
LR990899.1	M23	Pararge_aegeria	6821648	20310676	34.33513	13489028	NA	segment	516586240	3764.44298175239	2.61118608192119	0.00912090584621277	3	Large	13489028	1.02062969960868	101.150879376247	3.21915265013799	3.93171060847459	0.7125579583366	All fusions
LR990903.1	M14	Pararge_aegeria	0	11590036	34.12228	11590036	NA	segment	516586240	3764.44298175239	2.24358202030313	0.00906436361645082	3	Large	11590036	1.04519975456533	103.613539094888	3.01195071541351	3.75065313392784	0.73870241851433	All fusions
LR990903.1	M29	Pararge_aegeria	11590036	19375358	40.78363	7785322	NA	segment	516586240	3764.44298175239	1.50707111362471	0.010833908282764	3	Small	11590036	1.40039665637138	138.956274808862	1.75470312175348	3.75065313392784	1.99595001217436	All fusions
LR991095.1	M25	Lymantria_monacha	19285548	32641773	57.91178	13356225	NA	segment	915668749	5725.55182476931	1.45863064722765	0.0101146198257202	3	Small	19285548	1.26865230532754	125.853768550182	1.87760829625044	3.56480146730442	1.68719317105398	All fusions
LR991095.1	M27	Lymantria_monacha	0	19285548	58.04341	19285548	NA	segment	915668749	5725.55182476931	2.10617082007677	0.0101376097494915	3	Large	19285548	1.17962864164421	116.949103189472	2.28563687548757	3.56480146730442	1.27916459181685	All fusions
LR991104.1	M29	Lymantria_monacha	12289163	24894941	63.02691	12605778	NA	segment	915668749	5725.55182476931	1.37667448122116	0.0110080062025357	3	Large	12605778	1.40039665637138	138.938865016884	1.75470312175348	2.71877150194191	0.96406838018843	All fusions
LR991104.1	M30	Lymantria_monacha	0	12289163	61.33037	12289163	NA	segment	915668749	5725.55182476931	1.34209702072075	0.010711695898844	3	Small	12605778	1.39325873867886	138.254704278002	1.91523158867716	2.71877150194191	0.80353991326475	All fusions
LR994549.1	M18	Cyaniris_semiargus	7669800	23585568	45.89517	15915768	NA	segment	441519306	4783.59743274978	3.60477283410117	0.00959427933583823	3	Large	15915768	0.896362239537573	88.6767960201735	3.6073807594858	5.34191091521602	1.73453015573022	All fusions
LR994549.1	M30	Cyaniris_semiargus	0	7669800	44.6378	7669800	NA	segment	441519306	4783.59743274978	1.73713808111485	0.00933142904007719	3	Small	15915768	1.39325873867886	138.392730963878	1.91523158867716	5.34191091521602	3.42667932653886	All fusions
LR994551.1	M29	Cyaniris_semiargus	18371239	22666739	50.0366	4295500	NA	segment	441519306	4783.59743274978	0.972890639577151	0.0104600357165166	3	Small	18371239	1.40039665637138	138.993662065486	1.75470312175348	5.13380472653669	3.37910160478321	All fusions
LR994551.1	M12	Cyaniris_semiargus	0	18371239	47.70944	18371239	NA	segment	441519306	4783.59743274978	4.16091408695954	0.00997354829095118	3	Large	18371239	0.918965140398872	90.8991592107921	3.72200454057241	5.13380472653669	1.41180018596428	All fusions
LR994567.1	M31	Cyaniris_semiargus	7608623	14578958	49.60278	6970335	NA	segment	441519306	4783.59743274978	1.57871579006332	0.0103693466470247	3	Small	7608623	1.45175624645264	144.138689980562	1.7970209317919	3.30199785193538	1.50497692014348	All fusions
LR994567.1	M28	Cyaniris_semiargus	0	7608623	41.70078	7608623	NA	segment	441519306	4783.59743274978	1.72328206187206	0.0087174517894222	3	Large	7608623	1.02035044735876	101.163299556934	2.34421875945108	3.30199785193538	0.9577790924843	All fusions
LR994578.1	M18	Celastrina_argiolus	7515837	24852115	43.39601	17336278	NA	segment	499114119	4857.35578029577	3.47340965523758	0.00893408100268034	3	Large	17336278	0.896362239537573	88.7428158534893	3.6073807594858	4.9792450371455	1.3718642776597	All fusions
LR994578.1	M30	Celastrina_argiolus	0	7515837	50.29892	7515837	NA	segment	499114119	4857.35578029577	1.50583538190792	0.0103552060575924	3	Small	17336278	1.39325873867886	138.290353262127	1.91523158867716	4.9792450371455	3.06401344846834	All fusions
LR994581.1	M29	Celastrina_argiolus	20016308	24418972	48.36445	4402664	NA	segment	499114119	4857.35578029577	0.882095663577091	0.00995695028068441	3	Small	20016308	1.40039665637138	139.04397060907	1.75470312175348	4.89246267946189	3.13775955770841	All fusions
LR994581.1	M12	Celastrina_argiolus	0	20016308	46.8482	20016308	NA	segment	499114119	4857.35578029577	4.0103670158848	0.00964479484703246	3	Large	20016308	0.918965140398872	90.9320345551839	3.72200454057241	4.89246267946189	1.17045813888948	All fusions
LR994597.1	M31	Celastrina_argiolus	0	4199020	52.50732	4199020	NA	segment	499114119	4857.35578029577	0.841294573756588	0.0108098567152523	3	Small	12318180	1.45175624645264	144.094638973739	1.7970209317919	3.30930329782957	1.51228236603767	All fusions
LR994597.1	M28	Celastrina_argiolus	4199020	16517200	45.54907	12318180	NA	segment	499114119	4857.35578029577	2.46800872407298	0.00937733863036618	3	Large	12318180	1.02035044735876	101.097310872839	2.34421875945108	3.30930329782957	0.96508453837849	All fusions
LR999971.1	M9	Deilephila_porcellus	0	14966864	20.91753	14966864	NA	segment	402071895	2514.23378500083	3.72243476505614	0.00831964399046252	3	Large	14966864	0.901577611651797	89.3257967661335	3.85742316603665	5.07721759562429	1.21979442958764	All fusions
LR999971.1	M30	Deilephila_porcellus	14966864	20414065	26.60287	5447201	NA	segment	402071895	2514.23378500083	1.35478283056815	0.0105809054665898	3	Small	14966864	1.39325873867886	138.267783321227	1.91523158867716	5.07721759562429	3.16198600694713	All fusions
LR999978.1	M25	Deilephila_porcellus	10689920	15639778	24.57139	4949858	NA	segment	402071895	2514.23378500083	1.23108778841655	0.00977291377857763	3	Small	10689920	1.26865230532754	125.887939154896	1.87760829625044	3.88979637584467	2.01218807959423	All fusions
LR999978.1	M24	Deilephila_porcellus	0	10689920	24.26334	10689920	NA	segment	402071895	2514.23378500083	2.65870858742813	0.00965039136167363	3	Large	10689920	1.12548759354658	111.583720218491	2.63621776349812	3.88979637584467	1.25357861234655	All fusions
OU015432.1	M30	Hemaris_fuciformis	0	5971393	41.36346	5971393	NA	segment	448853392	3400.59967795687	1.33036601848828	0.0121635781677342	3	Small	18320573	1.39325873867886	138.109516051113	1.91523158867716	5.41200455047469	3.49677296179753	All fusions
OU015432.1	M9	Hemaris_fuciformis	5971393	24291966	31.50922	18320573	NA	segment	448853392	3400.59967795687	4.08163853198641	0.00926578338645589	3	Large	18320573	0.901577611651797	89.2311828265341	3.85742316603665	5.41200455047469	1.55458138443804	All fusions
OU015441.1	M25	Hemaris_fuciformis	0	6541901	32.41208	6541901	NA	segment	448853392	3400.59967795687	1.45746943581079	0.00953128361744528	3	Small	10834704	1.26865230532754	125.912102171009	1.87760829625044	3.87133200053883	1.99372370428839	All fusions
OU015441.1	M24	Hemaris_fuciformis	6541901	17376605	32.00901	10834704	NA	segment	448853392	3400.59967795687	2.41386256472804	0.00941275452311737	3	Large	10834704	1.12548759354658	111.607483902346	2.63621776349812	3.87133200053883	1.23511423704071	All fusions
OU015670.1	M30	Zygaena_filipendulae	0	5259485	43.0094	5259485	NA	segment	365946273	4005.73695913091	1.43722873767319	0.0107369506382494	3	Small	5309350	1.39325873867886	138.252178804061	1.91523158867716	2.88808379256263	0.97285220388547	All fusions
OU015670.1	M31	Zygaena_filipendulae	5259485	10568835	46.05023	5309350	NA	segment	365946273	4005.73695913091	1.45085505488944	0.0114960693799503	3	Large	5309350	1.45175624645264	144.026017707269	1.7970209317919	2.88808379256263	1.09106286077073	All fusions
OU026074.1	M10	Crocallis_elinguaria	4916757	20584812	39.82291	15668055	NA	segment	430399360	3918.02486894083	3.64035276446508	0.0101640268584526	3	Large	15668055	0.980936198905017	97.0772172046564	3.25941447026745	4.78272365460766	1.52330918434021	All fusions
OU026074.1	M31	Crocallis_elinguaria	0	4916757	53.47221	4916757	NA	segment	430399360	3918.02486894083	1.14237089014259	0.0136477464509957	3	Small	15668055	1.45175624645264	143.810850000164	1.7970209317919	4.78272365460766	2.98570272281576	All fusions
OU026076.1	M30	Crocallis_elinguaria	11689548	18347277	46.99292	6657729	NA	segment	430399360	3918.02486894083	1.54687242099988	0.0119940331090098	3	Small	11689548	1.39325873867886	138.126470556985	1.91523158867716	4.26284950795466	2.3476179192775	All fusions
OU026076.1	M23	Crocallis_elinguaria	0	11689548	42.05063	11689548	NA	segment	430399360	3918.02486894083	2.71597708695478	0.0107326092627298	3	Large	11689548	1.02062969960868	100.989709034595	3.21915265013799	4.26284950795466	1.04369685781667	All fusions
OU342476.1	M31	Parapoynx_stratiotata	0	5990006	54.07673	5990006	NA	segment	478248748	3853.17590980585	1.25248754441068	0.014034326816583	3	Small	9532107	1.45175624645264	143.772191963606	1.7970209317919	3.24561497858851	1.44859404679661	All fusions
OU342476.1	M29	Parapoynx_stratiotata	5990006	15522113	53.7667	9532107	NA	segment	478248748	3853.17590980585	1.99312743417783	0.0139538659169882	3	Large	9532107	1.40039665637138	138.644279045439	1.75470312175348	3.24561497858851	1.49091185683503	All fusions
OU426887.1	M14	Thymelicus_sylvestris	0	13069919	38.45376	13069919	NA	segment	470727450	3954.64320785525	2.77653640126574	0.00972369894801582	3	Large	13069919	1.04519975456533	103.547605561731	3.01195071541351	4.40585459802695	1.39390388261344	All fusions
OU426887.1	M30	Thymelicus_sylvestris	13069919	20739567	47.97803	7669648	NA	segment	470727450	3954.64320785525	1.6293181967612	0.0121320755067611	3	Small	13069919	1.39325873867886	138.11266631721	1.91523158867716	4.40585459802695	2.49062300934979	All fusions
OU426903.1	M27	Thymelicus_sylvestris	5833531	15050683	36.72507	9217152	NA	segment	470727450	3954.64320785525	1.95806554302283	0.00928656975351194	3	Large	9217152	1.17962864164421	117.03420718907	2.28563687548757	3.19732426906483	0.91168739357726	All fusions
OU426903.1	M29	Thymelicus_sylvestris	0	5833531	40.10772	5833531	NA	segment	470727450	3954.64320785525	1.239258726042	0.0101419313682541	3	Small	9217152	1.40039665637138	139.025472500313	1.75470312175348	3.19732426906483	1.44262114731135	All fusions
OU538776.1	M29	Papilio_machaon	0	2820794	19.49508	2820794	NA	segment	252129366	2193.22884856888	1.11878836041653	0.00888875778408663	3	Small	4428178	1.40039665637138	139.150789858729	1.75470312175348	2.87510023723298	1.1203971154795	All fusions
OU538776.1	M25	Papilio_machaon	2820794	7248972	18.88178	4428178	NA	segment	252129366	2193.22884856888	1.75631187681644	0.00860912440228054	3	Large	4428178	1.26865230532754	126.004318092526	1.87760829625044	2.87510023723298	0.99749194098254	All fusions
OU538822.1	M29	Hydriomena_furcata	14555054	20876562	56.69979	6321508	NA	segment	423317948	4508.93229811075	1.49332387862751	0.0125749925373147	3	Small	14555054	1.40039665637138	138.782166383407	1.75470312175348	4.93165057107383	3.17694744932035	All fusions
OU538822.1	M7	Hydriomena_furcata	0	14555054	42.24745	14555054	NA	segment	423317948	4508.93229811075	3.43832669244631	0.0093697237409623	3	Large	14555054	0.966989191225921	95.7619467484959	3.67892714569216	4.93165057107383	1.25272342538167	All fusions
OU538823.1	M6	Hydriomena_furcata	4374605	18997534	39.92383	14622929	NA	segment	423317948	4508.93229811075	3.45436073974355	0.00885438666194393	3	Large	14622929	0.951864366501798	94.3009979839854	3.49987658469612	4.48776955708006	0.98789297238394	All fusions
OU538823.1	M31	Hydriomena_furcata	0	4374605	52.30641	4374605	NA	segment	423317948	4508.93229811075	1.03340881733651	0.0116006199565064	3	Small	14622929	1.45175624645264	144.015562649613	1.7970209317919	4.48776955708006	2.69074862528816	All fusions
OU611839.1	M5	Agrochola_circellaris	0	24349475	44.01892	24349475	NA	segment	572162832	4139.14625897878	4.25568975092042	0.0106347824516983	3	Large	24349475	0.93861183150141	92.7977049049712	3.73978175837042	5.76345249213951	2.02367073376909	All fusions
OU611839.1	M30	Agrochola_circellaris	24349475	32976333	54.93947	8626858	NA	segment	572162832	4139.14625897878	1.50776274121909	0.0132731405373326	3	Small	24349475	1.39325873867886	137.998559814153	1.91523158867716	5.76345249213951	3.84822090346235	All fusions
OU745320.1	M29	Emmelina_monodactyla	4501359	9485677	33.53139	4984318	NA	segment	312410734	3257.58267394376	1.59543749863601	0.0102933350757927	3	Large	4984318	1.40039665637138	139.010332129559	1.75470312175348	3.03628395815619	1.28158083640271	All fusions
OU745320.1	M25	Emmelina_monodactyla	0	4501359	33.11955	4501359	NA	segment	312410734	3257.58267394376	1.44084645952018	0.0101669100418883	3	Small	4984318	1.26865230532754	125.848539528565	1.87760829625044	3.03628395815619	1.15867566190575	All fusions
OU779872.1	M31	Orgyia_antiqua	0	8169154	70.67023	8169154	NA	segment	480110421	4648.61253118417	1.70151566029016	0.015202435033233	3	Small	19683961	1.45175624645264	143.655381141941	1.7970209317919	5.80139771638075	4.00437678458885	All fusions
OU779872.1	M6	Orgyia_antiqua	8169154	27853115	49.16797	19683961	NA	segment	480110421	4648.61253118417	4.09988205609059	0.0105769129326585	3	Large	19683961	0.951864366501798	94.1287453569139	3.49987658469612	5.80139771638075	2.30152113168463	All fusions
OU785228.1	M14	Erebia_ligea	5927704	20064828	48.93033	14137124	NA	segment	506397422	4904.59559449154	2.7917053653563	0.00997642497884122	3	Large	14137124	1.04519975456533	103.522332958649	3.01195071541351	3.96226898643256	0.95031827101905	All fusions
OU785228.1	M29	Erebia_ligea	0	5927704	50.45726	5927704	NA	segment	506397422	4904.59559449154	1.17056362107625	0.0102877513605137	3	Small	14137124	1.40039665637138	139.010890501087	1.75470312175348	3.96226898643256	2.20756586467908	All fusions
OU974028.1	M30	Eulithis_prunata	2687804	7537951	34.81167	4850147	NA	segment	263147802	2285.71511417303	1.84312654832663	0.0152301001048395	3	Large	4850147	1.39325873867886	137.802863857402	1.91523158867716	2.86453124164799	0.94929965297083	All fusions
OU974028.1	M31	Eulithis_prunata	0	2687804	35.48376	2687804	NA	segment	263147802	2285.71511417303	1.02140469332136	0.0155241393732648	3	Small	4850147	1.45175624645264	143.623210707938	1.7970209317919	2.86453124164799	1.06751030985609	All fusions
OV049868.1	M24	Melanargia_galathea	0	12915658	57.45226	12915658	NA	segment	606376002	5451.33681161202	2.1299751239166	0.0105391139798259	3	Large	12915658	1.12548759354658	111.494847956675	2.63621776349812	3.76259596764187	1.12637820414375	All fusions
OV049868.1	M25	Melanargia_galathea	12915658	22815479	56.09852	9899821	NA	segment	606376002	5451.33681161202	1.63262084372528	0.0102907822317093	3	Small	12915658	1.26865230532754	125.836152309583	1.87760829625044	3.76259596764187	1.88498767139143	All fusions
OV281087.1	M25	Erebia_aethiops	0	6924027	51.06602	6924027	NA	segment	473469105	4338.17780633274	1.46240312765497	0.0117713063594248	3	Small	17038091	1.26865230532754	125.688099896812	1.87760829625044	5.06096759998733	3.18335930373689	All fusions
OV281087.1	M16	Erebia_aethiops	6924027	23962118	40.8837	17038091	NA	segment	473469105	4338.17780633274	3.59856447233236	0.00942416420560707	3	Large	17038091	0.913235948533972	90.3811784328365	3.53443567365496	5.06096759998733	1.52653192633237	All fusions
OV281094.1	M14	Erebia_aethiops	5370341	17949451	42.77183	12579110	NA	segment	473469105	4338.17780633274	2.65679637111697	0.00985939993920097	3	Large	12579110	1.04519975456533	103.534035462613	3.01195071541351	3.79105010452583	0.77909938911232	All fusions
OV281094.1	M29	Erebia_aethiops	0	5370341	44.47911	5370341	NA	segment	473469105	4338.17780633274	1.13425373340886	0.0102529476627423	3	Small	12579110	1.40039665637138	139.014370870864	1.75470312175348	3.79105010452583	2.03634698277235	All fusions
OV281097.1	M27	Erebia_aethiops	0	9917655	50.40872	9917655	NA	segment	473469105	4338.17780633274	2.09467838455901	0.0116197911312936	3	Large	9917655	1.17962864164421	116.800885051292	2.28563687548757	3.32855297918541	1.04291610369784	All fusions
OV281097.1	M31	Erebia_aethiops	9917655	15759670	58.53451	5842015	NA	segment	473469105	4338.17780633274	1.2338745946264	0.0134928794100032	3	Small	9917655	1.45175624645264	143.826336704264	1.7970209317919	3.32855297918541	1.53153204739351	All fusions
OV656725.1	M7	Macaria_notata	6149573	19257952	26.44655	13108379	NA	segment	393787475	3179.08528315463	3.32879531021143	0.00831891806745017	3	Large	13108379	0.966989191225921	95.8670273158471	3.67892714569216	4.89044299847272	1.21151585278056	All fusions
OV656725.1	M30	Macaria_notata	0	6149573	43.78073	6149573	NA	segment	393787475	3179.08528315463	1.56164768826129	0.0137714864813429	3	Small	13108379	1.39325873867886	137.948725219752	1.91523158867716	4.89044299847272	2.97521140979556	All fusions
OV656726.1	M21	Macaria_notata	4671977	18041227	26.41524	13369250	NA	segment	393787475	3179.08528315463	3.395041957594	0.00830906932254046	3	Large	13369250	0.940074864272953	93.1765794950412	3.40938296414743	4.58146288172319	1.17207991757576	All fusions
OV656726.1	M31	Macaria_notata	0	4671977	45.18327	4671977	NA	segment	393787475	3179.08528315463	1.18642092412919	0.0142126636990261	3	Small	13369250	1.45175624645264	143.754358275361	1.7970209317919	4.58146288172319	2.78444194993129	All fusions
OV656742.1	M26	Macaria_notata	0	8458848	31.67054	8458848	NA	segment	393787475	3179.08528315463	2.14807441501282	0.00996215489021832	3	Large	8458848	1.17208738109146	116.212522620124	2.56648908793253	3.31788180921701	0.75139272128448	All fusions
OV656742.1	M29	Macaria_notata	8458848	13065403	31.44328	4606555	NA	segment	393787475	3179.08528315463	1.1698073942042	0.00989066891870186	3	Small	8458848	1.40039665637138	139.050598745268	1.75470312175348	3.31788180921701	1.56317868746353	All fusions
OV743319.1	M14	Lasiommata_megera	5296192	17836388	29.98225	12540196	NA	segment	488457974	3406.76468428833	2.56730295491092	0.00880079863991641	3	Large	12540196	1.04519975456533	103.639895592541	3.01195071541351	3.65157064668986	0.63961993127635	All fusions
OV743319.1	M29	Lasiommata_megera	0	5296192	34.1914	5296192	NA	segment	488457974	3406.76468428833	1.08426769177895	0.010036325713275	3	Small	12540196	1.40039665637138	139.036033065811	1.75470312175348	3.65157064668986	1.89686752493638	All fusions
OV743436.1	M9	Agriphila_tristella	0	29023941	57.66284	29023941	NA	segment	801775791	6167.35639769337	3.61995726558424	0.00934968506466827	3	Large	29023941	0.901577611651797	89.2227926587129	3.85742316603665	5.64783403394129	1.79041086790464	All fusions
OV743436.1	M29	Agriphila_tristella	29023941	45282966	71.44719	16259025	NA	segment	801775791	6167.35639769337	2.02787676835705	0.0115847350781806	3	Small	29023941	1.40039665637138	138.88119212932	1.75470312175348	5.64783403394129	3.89313091218781	All fusions
OW028595.1	M30	Chloroclysta_siterata	0	9630520	58.11586	9630520	NA	segment	437887824	4497.27403827359	2.19931212337158	0.012922463586922	3	Small	15303219	1.39325873867886	138.033627509194	1.91523158867716	5.6940927866494	3.77886119797224	All fusions
OW028595.1	M12	Chloroclysta_siterata	9630520	24933739	42.5317	15303219	NA	segment	437887824	4497.27403827359	3.49478066327782	0.00945721778082419	3	Large	15303219	0.918965140398872	90.9507922618048	3.72200454057241	5.6940927866494	1.97208824607699	All fusions
OW028596.1	M21	Chloroclysta_siterata	0	14108846	43.48606	14108846	NA	segment	437887824	4497.27403827359	3.22202290785779	0.0096694263302428	3	Large	14108846	0.940074864272953	93.040543794271	3.40938296414743	5.29931405445976	1.88993109031233	All fusions
OW028596.1	M25	Chloroclysta_siterata	14108846	23205051	54.33678	9096205	NA	segment	437887824	4497.27403827359	2.07729114660197	0.0120821590006685	3	Small	14108846	1.26865230532754	125.657014632687	1.87760829625044	5.29931405445976	3.42170575820932	All fusions
OW052196.1	M30	Ecliptopera_silaceata	5715816	12113180	43.12067	6397364	NA	segment	316552688	3248.70421967553	2.02094761551985	0.013273190504338	3	Large	6397364	1.39325873867886	137.998554817452	1.91523158867716	3.82659205218943	1.91136046351227	All fusions
OW052196.1	M28	Ecliptopera_silaceata	0	5715816	26.31439	5715816	NA	segment	316552688	3248.70421967553	1.80564443666958	0.00809996485387278	3	Small	6397364	1.02035044735876	101.225048250489	2.34421875945108	3.82659205218943	1.48237329273835	All fusions
OW121719.1	M29	Hipparchia_semele	9176944	14772907	39.78336	5595963	NA	segment	403422600	4074.66686324173	1.38712184195928	0.00976358591640768	3	Small	9176944	1.40039665637138	139.063307045497	1.75470312175348	3.66189375607613	1.90719063432265	All fusions
OW121719.1	M14	Hipparchia_semele	0	9176944	38.80393	9176944	NA	segment	403422600	4074.66686324173	2.27477191411686	0.0095232153455432	3	Large	9176944	1.04519975456533	103.567653921979	3.01195071541351	3.66189375607613	0.64994304066262	All fusions
OW152835.1	M29	Iphiclides_podalirius	0	6211324	31.95278	6211324	NA	segment	430729501	3202.58806009769	1.4420474997834	0.00997717452272814	3	Large	6211324	1.40039665637138	139.041948184865	1.75470312175348	2.81316068945089	1.05845756769741	All fusions
OW152835.1	M25	Iphiclides_podalirius	6211324	12117113	30.50172	5905789	NA	segment	430729501	3202.58806009769	1.3711131896675	0.00952408471761729	3	Small	6211324	1.26865230532754	125.912822060992	1.87760829625044	2.81316068945089	0.93555239320045	All fusions
OW569290.1	M30	Aricia_artaxerxes	0	8793793	51.97036	8793793	NA	segment	458496882	4875.84437625818	1.91796135267938	0.0106587405153983	3	Small	16702717	1.39325873867886	138.259999816346	1.91523158867716	5.56089059728873	3.64565900861157	All fusions
OW569290.1	M18	Aricia_artaxerxes	8793793	25496510	45.997	16702717	NA	segment	458496882	4875.84437625818	3.64292924460934	0.00943364809262001	3	Large	16702717	0.896362239537573	88.6928591444953	3.6073807594858	5.56089059728873	1.95350983780293	All fusions
OW569292.1	M29	Aricia_artaxerxes	18117619	22530779	50.88304	4413160	NA	segment	458496882	4875.84437625818	0.962527810603519	0.0104357391404376	3	Small	18117619	1.40039665637138	138.996091723094	1.75470312175348	4.914052828826	3.15934970707252	All fusions
OW569292.1	M12	Aricia_artaxerxes	0	18117619	47.0673	18117619	NA	segment	458496882	4875.84437625818	3.95152501822248	0.00965315879013357	3	Large	18117619	0.918965140398872	90.9311981608738	3.72200454057241	4.914052828826	1.19204828825359	All fusions
OW569307.1	M28	Aricia_artaxerxes	4212141	14937510	42.95223	10725369	NA	segment	458496882	4875.84437625818	2.33924578793537	0.00880918804733518	3	Large	10725369	1.02035044735876	101.154125931142	2.34421875945108	3.25793055229545	0.91371179284437	All fusions
OW569307.1	M31	Aricia_artaxerxes	0	4212141	53.2654	4212141	NA	segment	458496882	4875.84437625818	0.918684764360077	0.010924343742258	3	Small	10725369	1.45175624645264	144.083190271038	1.7970209317919	3.25793055229545	1.46090962050355	All fusions
OW569322.1	M30	Polyommatus_icarus	18879080	28844096	55.36491	9965016	NA	segment	511758028	5204.65103627661	1.94721244314315	0.010637583502545	3	Small	18879080	1.39325873867886	138.262115517632	1.91523158867716	5.63627621294492	3.72104462426776	All fusions
OW569322.1	M18	Polyommatus_icarus	0	18879080	49.49833	18879080	NA	segment	511758028	5204.65103627661	3.68906376980177	0.00951040322492225	3	Large	18879080	0.896362239537573	88.6851836312651	3.6073807594858	5.63627621294492	2.02889545345912	All fusions
OW569325.1	M29	Polyommatus_icarus	0	6013785	53.61081	6013785	NA	segment	511758028	5204.65103627661	1.17512274765917	0.0103005580251838	3	Small	18727920	1.40039665637138	139.00960983462	1.75470312175348	4.83464912054101	3.07994599878753	All fusions
OW569325.1	M12	Polyommatus_icarus	6013785	24741705	49.70931	18727920	NA	segment	511758028	5204.65103627661	3.65952637288183	0.00955094004449564	3	Large	18727920	0.918965140398872	90.9414200354376	3.72200454057241	4.83464912054101	1.1126445799686	All fusions
OW569341.1	M31	Polyommatus_icarus	8819154	17248379	54.98163	8429225	NA	segment	511758028	5204.65103627661	1.64711143525041	0.0105639416776987	3	Small	8819154	1.45175624645264	144.119230477494	1.7970209317919	3.37041688772492	1.57339595593302	All fusions
OW569341.1	M28	Polyommatus_icarus	0	8819154	47.02189	8819154	NA	segment	511758028	5204.65103627661	1.7233054524745	0.00903459034472353	3	Large	8819154	1.02035044735876	101.131585701404	2.34421875945108	3.37041688772492	1.02619812827384	All fusions
OW618041.1	M30	Thera_britannica	15917819	23200458	58.37189	7282639	NA	segment	379777695	4124.76124909129	1.91760577197668	0.0141515802915526	3	Small	15917819	1.39325873867886	137.910715838731	1.91523158867716	6.10895750473181	4.19372591605465	All fusions
OW618041.1	M3	Thera_britannica	0	15917819	35.73213	15917819	NA	segment	379777695	4124.76124909129	4.19135173275513	0.00866283594180682	3	Large	15917819	0.852479990115209	84.3817154173402	3.82651872607861	6.10895750473181	2.2824387786532	All fusions
OW618045.1	M29	Thera_britannica	9195371	16045852	59.39821	6850481	NA	segment	379777695	4124.76124909129	1.80381341247542	0.0144003995414488	3	Small	9195371	1.40039665637138	138.599625682993	1.75470312175348	4.22506434981654	2.47036122806306	All fusions
OW618045.1	M26	Thera_britannica	0	9195371	48.41335	9195371	NA	segment	379777695	4124.76124909129	2.42125093734112	0.0117372490373026	3	Large	9195371	1.17208738109146	116.035013205416	2.56648908793253	4.22506434981654	1.65857526188401	All fusions
