species	chr	repeat_density	midpos	assigned_merian	genome_size	prop_midpos	plot_colour
Dendrolimus_kikuchii	CM034387.1	57.57	6.95	M31,MZ	705.515768	0.985094921365386	MZ
Dendrolimus_kikuchii	CM034387.1	35.537	6.55	M31,MZ	705.515768	0.928398810783206	MZ
Dendrolimus_kikuchii	CM034387.1	48.338	6.35	M31,MZ	705.515768	0.900050755492115	MZ
Dendrolimus_kikuchii	CM034387.1	47.218	5.25	M31,MZ	705.515768	0.744136451391119	MZ
Dendrolimus_kikuchii	CM034387.1	66.089	5.55	M31,MZ	705.515768	0.786658534327754	MZ
Dendrolimus_kikuchii	CM034387.1	44.022	6.75	M31,MZ	705.515768	0.956746866074296	MZ
Dendrolimus_kikuchii	CM034387.1	62.092	5.05	M31,MZ	705.515768	0.715788396100029	MZ
Dendrolimus_kikuchii	CM034387.1	52.426	8.55	M31,MZ	705.515768	1.21187936369411	MZ
Dendrolimus_kikuchii	CM034387.1	43.117	18.75	M31,MZ	705.515768	2.65763018353971	MZ
Dendrolimus_kikuchii	CM034387.1	41.079	6.25	M31,MZ	705.515768	0.88587672784657	MZ
Dendrolimus_kikuchii	CM034387.1	46.609	19.15	M31,MZ	705.515768	2.71432629412189	MZ
Dendrolimus_kikuchii	CM034387.1	45.696	19.05	M31,MZ	705.515768	2.70015226647635	MZ
Dendrolimus_kikuchii	CM034387.1	40.943	6.65	M31,MZ	705.515768	0.942572838428751	MZ
Dendrolimus_kikuchii	CM034387.1	50.189	19.65	M31,MZ	705.515768	2.78519643234962	MZ
Dendrolimus_kikuchii	CM034387.1	59.013	5.15	M31,MZ	705.515768	0.729962423745574	MZ
Dendrolimus_kikuchii	CM034387.1	41.799	19.55	M31,MZ	705.515768	2.77102240470407	MZ
Dendrolimus_kikuchii	CM034387.1	49.644	6.15	M31,MZ	705.515768	0.871702700201025	MZ
Dendrolimus_kikuchii	CM034387.1	39.349	8.45	M31,MZ	705.515768	1.19770533604856	MZ
Dendrolimus_kikuchii	CM034387.1	76.222	29.65	M31,MZ	705.515768	4.20259919690413	M31
Dendrolimus_kikuchii	CM034387.1	52.499	19.35	M31,MZ	705.515768	2.74267434941298	MZ
Dendrolimus_kikuchii	CM034387.1	53.863	7.05	M31,MZ	705.515768	0.999268949010931	MZ
Dendrolimus_kikuchii	CM034387.1	57.063	4.95	M31,MZ	705.515768	0.701614368454484	MZ
Dendrolimus_kikuchii	CM034387.1	53.456	21.85	M31,MZ	705.515768	3.09702504055161	MZ
Dendrolimus_kikuchii	CM034387.1	45.611	19.25	M31,MZ	705.515768	2.72850032176744	MZ
Dendrolimus_kikuchii	CM034387.1	54.733	17.65	M31,MZ	705.515768	2.50171587943871	MZ
Dendrolimus_kikuchii	CM034387.1	64.124	4.85	M31,MZ	705.515768	0.687440340808938	MZ
Dendrolimus_kikuchii	CM034387.1	63.089	5.95	M31,MZ	705.515768	0.843354644909935	MZ
Dendrolimus_kikuchii	CM034387.1	58.359	11.75	M31,MZ	705.515768	1.66544824835155	MZ
Dendrolimus_kikuchii	CM034387.1	52.966	21.55	M31,MZ	705.515768	3.05450295761497	MZ
Dendrolimus_kikuchii	CM034387.1	61.118	6.05	M31,MZ	705.515768	0.85752867255548	MZ
Dendrolimus_kikuchii	CM034387.1	40.902	18.95	M31,MZ	705.515768	2.6859782388308	MZ
Dendrolimus_kikuchii	CM034387.1	62.492	31.05	M31,MZ	705.515768	4.40103558394176	M31
Dendrolimus_kikuchii	CM034387.1	44.135	6.45	M31,MZ	705.515768	0.914224783137661	MZ
Dendrolimus_kikuchii	CM034387.1	51.244	8.15	M31,MZ	705.515768	1.15518325311193	MZ
Dendrolimus_kikuchii	CM034387.1	50.984	22.25	M31,MZ	705.515768	3.15372115113379	MZ
Dendrolimus_kikuchii	CM034387.1	43.479	18.15	M31,MZ	705.515768	2.57258601766644	MZ
Dendrolimus_kikuchii	CM034387.1	78.335	37.05	M31,MZ	705.515768	5.25147724267447	M31
Dendrolimus_kikuchii	CM034387.1	35.944	6.85	M31,MZ	705.515768	0.970920893719841	MZ
Dendrolimus_kikuchii	CM034387.1	37.854	19.45	M31,MZ	705.515768	2.75684837705853	MZ
Dendrolimus_kikuchii	CM034387.1	52.903	8.35	M31,MZ	705.515768	1.18353130840302	MZ
Dendrolimus_kikuchii	CM034387.1	68.209	10.75	M31,MZ	705.515768	1.5237079718961	MZ
Dendrolimus_kikuchii	CM034387.1	49.584	23.05	M31,MZ	705.515768	3.26711337229815	MZ
Dendrolimus_kikuchii	CM034387.1	63.165	30.35	M31,MZ	705.515768	4.30181739042295	M31
Dendrolimus_kikuchii	CM034387.1	43.512	7.65	M31,MZ	705.515768	1.0843131148842	MZ
Dendrolimus_kikuchii	CM034387.1	40.795	8.05	M31,MZ	705.515768	1.14100922546638	MZ
Dendrolimus_kikuchii	CM034387.1	55.587	37.35	M31,MZ	705.515768	5.2939993256111	M31
Dendrolimus_kikuchii	CM034387.1	49.17	18.85	M31,MZ	705.515768	2.67180421118526	MZ
Dendrolimus_kikuchii	CM034387.1	44.139	21.65	M31,MZ	705.515768	3.06867698526052	MZ
Dendrolimus_kikuchii	CM034387.1	38.915	21.75	M31,MZ	705.515768	3.08285101290606	MZ
Dendrolimus_kikuchii	CM034387.1	43.517	7.95	M31,MZ	705.515768	1.12683519782084	MZ
Dendrolimus_kikuchii	CM034387.1	56.476	21.45	M31,MZ	705.515768	3.04032892996943	MZ
Dendrolimus_kikuchii	CM034387.1	74.202	30.55	M31,MZ	705.515768	4.33016544571404	M31
Dendrolimus_kikuchii	CM034387.1	42.901	13.65	M31,MZ	705.515768	1.93475477361691	MZ
Dendrolimus_kikuchii	CM034387.1	66.713	29.75	M31,MZ	705.515768	4.21677322454967	M31
Dendrolimus_kikuchii	CM034387.1	59.591	15.35	M31,MZ	705.515768	2.17571324359118	MZ
Dendrolimus_kikuchii	CM034387.1	53.02	7.25	M31,MZ	705.515768	1.02761700430202	MZ
Dendrolimus_kikuchii	CM034387.1	57.597	18.55	M31,MZ	705.515768	2.62928212824862	MZ
Dendrolimus_kikuchii	CM034387.1	49.76	10.25	M31,MZ	705.515768	1.45283783366838	MZ
Dendrolimus_kikuchii	CM034387.1	42.476	10.05	M31,MZ	705.515768	1.42448977837729	MZ
Dendrolimus_kikuchii	CM034387.1	43.753	22.15	M31,MZ	705.515768	3.13954712348824	MZ
Dendrolimus_kikuchii	CM034387.1	55.703	25.35	M31,MZ	705.515768	3.59311600814569	MZ
Dendrolimus_kikuchii	CM034387.1	64.139	30.75	M31,MZ	705.515768	4.35851350100513	M31
Dendrolimus_kikuchii	CM034387.1	66.557	30.85	M31,MZ	705.515768	4.37268752865067	M31
Dendrolimus_kikuchii	CM034387.1	49.783	7.45	M31,MZ	705.515768	1.05596505959311	MZ
Dendrolimus_kikuchii	CM034387.1	41.208	13.55	M31,MZ	705.515768	1.92058074597136	MZ
Dendrolimus_kikuchii	CM034387.1	46.659	8.65	M31,MZ	705.515768	1.22605339133965	MZ
Dendrolimus_kikuchii	CM034387.1	81.325	30.45	M31,MZ	705.515768	4.31599141806849	M31
Dendrolimus_kikuchii	CM034387.1	48.947	5.35	M31,MZ	705.515768	0.758310479036664	MZ
Dendrolimus_kikuchii	CM034387.1	62.964	18.65	M31,MZ	705.515768	2.64345615589417	MZ
Dendrolimus_kikuchii	CM034387.1	50.897	11.25	M31,MZ	705.515768	1.59457811012383	MZ
Dendrolimus_kikuchii	CM034387.1	49.284	21.95	M31,MZ	705.515768	3.11119906819715	MZ
Dendrolimus_kikuchii	CM034387.1	44.121	11.05	M31,MZ	705.515768	1.56623005483274	MZ
Dendrolimus_kikuchii	CM034387.1	40.752	20.25	M31,MZ	705.515768	2.87024059822289	MZ
Dendrolimus_kikuchii	CM034387.1	64.998	33.95	M31,MZ	705.515768	4.81208238566257	M31
Dendrolimus_kikuchii	CM034387.1	44.181	10.45	M31,MZ	705.515768	1.48118588895947	MZ
Dendrolimus_kikuchii	CM034387.1	66.499	18.45	M31,MZ	705.515768	2.61510810060308	MZ
Dendrolimus_kikuchii	CM034387.1	51.766	8.25	M31,MZ	705.515768	1.16935728075747	MZ
Dendrolimus_kikuchii	CM034387.1	47.887	17.85	M31,MZ	705.515768	2.5300639347298	MZ
Dendrolimus_kikuchii	CM034387.1	71.15	29.55	M31,MZ	705.515768	4.18842516925858	M31
Dendrolimus_kikuchii	CM034387.1	49.204	7.15	M31,MZ	705.515768	1.01344297665648	MZ
Dendrolimus_kikuchii	CM034387.1	62.116	18.25	M31,MZ	705.515768	2.58676004531199	MZ
Dendrolimus_kikuchii	CM034387.1	33.738	7.85	M31,MZ	705.515768	1.11266117017529	MZ
Dendrolimus_kikuchii	CM034387.1	58.882	7.55	M31,MZ	705.515768	1.07013908723866	MZ
Dendrolimus_kikuchii	CM034387.1	53.872	22.75	M31,MZ	705.515768	3.22459128936152	MZ
Dendrolimus_kikuchii	CM034387.1	51.02	22.05	M31,MZ	705.515768	3.1253730958427	MZ
Dendrolimus_kikuchii	CM034387.1	80.816	36.95	M31,MZ	705.515768	5.23730321502892	M31
Dendrolimus_kikuchii	CM034387.1	69.154	1.05	M31,MZ	705.515768	0.148827290278224	MZ
Dendrolimus_kikuchii	CM034387.1	43.787	23.15	M31,MZ	705.515768	3.2812873999437	MZ
Dendrolimus_kikuchii	CM034387.1	59.147	34.35	M31,MZ	705.515768	4.86877849624475	M31
Dendrolimus_kikuchii	CM034387.1	56.04	18.35	M31,MZ	705.515768	2.60093407295753	MZ
Dendrolimus_kikuchii	CM034387.1	46.461	11.55	M31,MZ	705.515768	1.63710019306046	MZ
Dendrolimus_kikuchii	CM034387.1	39.754	15.25	M31,MZ	705.515768	2.16153921594563	MZ
Dendrolimus_kikuchii	CM034387.1	57.476	37.45	M31,MZ	705.515768	5.30817335325665	M31
Dendrolimus_kikuchii	CM034387.1	45.004	7.75	M31,MZ	705.515768	1.09848714252975	MZ
Dendrolimus_kikuchii	CM034387.1	41.794	7.35	M31,MZ	705.515768	1.04179103194757	MZ
Dendrolimus_kikuchii	CM034387.1	45.231	10.35	M31,MZ	705.515768	1.46701186131392	MZ
Dendrolimus_kikuchii	CM034387.1	56.261	11.15	M31,MZ	705.515768	1.58040408247828	MZ
Dendrolimus_kikuchii	CM034387.1	55.537	25.45	M31,MZ	705.515768	3.60729003579123	MZ
Dendrolimus_kikuchii	CM034387.1	40.796	10.65	M31,MZ	705.515768	1.50953394425056	MZ
Dendrolimus_kikuchii	CM034387.1	53.664	22.95	M31,MZ	705.515768	3.25293934465261	MZ
Dendrolimus_kikuchii	CM034387.1	72.884	32.65	M31,MZ	705.515768	4.62782002627048	M31
Dendrolimus_kikuchii	CM034387.1	69.772	32.45	M31,MZ	705.515768	4.59947197097939	M31
Dendrolimus_kikuchii	CM034387.1	53.458	11.35	M31,MZ	705.515768	1.60875213776937	MZ
Dendrolimus_kikuchii	CM034387.1	78.725	29.95	M31,MZ	705.515768	4.24512127984076	M31
Dendrolimus_kikuchii	CM034387.1	78.338	1.25	M31,MZ	705.515768	0.177175345569314	MZ
Dendrolimus_kikuchii	CM034387.1	44.998	15.45	M31,MZ	705.515768	2.18988727123672	MZ
Dendrolimus_kikuchii	CM034387.1	52.514	10.55	M31,MZ	705.515768	1.49535991660501	MZ
Dendrolimus_kikuchii	CM034387.1	78.564	37.55	M31,MZ	705.515768	5.32234738090219	M31
Dendrolimus_kikuchii	CM034387.1	72.262	32.95	M31,MZ	705.515768	4.67034210920712	M31
Dendrolimus_kikuchii	CM034387.1	47.248	21.25	M31,MZ	705.515768	3.01198087467834	MZ
Dendrolimus_kikuchii	CM034387.1	60.43	27.45	M31,MZ	705.515768	3.89077058870214	MZ
Dendrolimus_kikuchii	CM034387.1	52.584	20.15	M31,MZ	705.515768	2.85606657057734	MZ
Dendrolimus_kikuchii	CM034387.1	40.568	9.05	M31,MZ	705.515768	1.28274950192183	MZ
Dendrolimus_kikuchii	CM034387.1	63.646	33.15	M31,MZ	705.515768	4.69869016449821	M31
Dendrolimus_kikuchii	CM034387.1	63.998	34.15	M31,MZ	705.515768	4.84043044095366	M31
Dendrolimus_kikuchii	CM034387.1	45.482	13.45	M31,MZ	705.515768	1.90640671832582	MZ
Dendrolimus_kikuchii	CM034387.1	66.592	30.95	M31,MZ	705.515768	4.38686155629622	M31
Dendrolimus_kikuchii	CM034387.1	59.244	14.85	M31,MZ	705.515768	2.10484310536345	MZ
Dendrolimus_kikuchii	CM034387.1	72.935	1.35	M31,MZ	705.515768	0.191349373214859	MZ
Dendrolimus_kikuchii	CM034387.1	60.054	5.85	M31,MZ	705.515768	0.82918061726439	MZ
Dendrolimus_kikuchii	CM034387.1	65.337	27.65	M31,MZ	705.515768	3.91911864399323	MZ
Dendrolimus_kikuchii	CM034387.1	44.511	10.15	M31,MZ	705.515768	1.43866380602283	MZ
Dendrolimus_kikuchii	CM034387.1	76.249	37.65	M31,MZ	705.515768	5.33652140854774	M31
Dendrolimus_kikuchii	CM034387.1	49.386	12.95	M31,MZ	705.515768	1.83553658009809	MZ
Dendrolimus_kikuchii	CM034387.1	46.208	12.85	M31,MZ	705.515768	1.82136255245255	MZ
Dendrolimus_kikuchii	CM034387.1	74.845	32.15	M31,MZ	705.515768	4.55694988804276	M31
Dendrolimus_kikuchii	CM034387.1	77.483	36.85	M31,MZ	705.515768	5.22312918738338	M31
Dendrolimus_kikuchii	CM034387.1	65.526	0.95	M31,MZ	705.515768	0.134653262632679	MZ
Dendrolimus_kikuchii	CM034387.1	55.371	33.75	M31,MZ	705.515768	4.78373433037148	M31
Dendrolimus_kikuchii	CM034387.1	41.012	13.25	M31,MZ	705.515768	1.87805866303473	MZ
Dendrolimus_kikuchii	CM034387.1	54.182	17.95	M31,MZ	705.515768	2.54423796237535	MZ
Dendrolimus_kikuchii	CM034387.1	37.627	11.95	M31,MZ	705.515768	1.69379630364264	MZ
Dendrolimus_kikuchii	CM034387.1	41.98	11.65	M31,MZ	705.515768	1.65127422070601	MZ
Dendrolimus_kikuchii	CM034387.1	66.493	30.15	M31,MZ	705.515768	4.27346933513186	M31
Dendrolimus_kikuchii	CM034387.1	68.927	1.45	M31,MZ	705.515768	0.205523400860404	MZ
Dendrolimus_kikuchii	CM034387.1	54.735	13.15	M31,MZ	705.515768	1.86388463538918	MZ
Dendrolimus_kikuchii	CM034387.1	70.096	1.55	M31,MZ	705.515768	0.219697428505949	MZ
Dendrolimus_kikuchii	CM034387.1	70.548	1.75	M31,MZ	705.515768	0.24804548379704	MZ
Dendrolimus_kikuchii	CM034387.1	60.899	13.95	M31,MZ	705.515768	1.97727685655354	MZ
Dendrolimus_kikuchii	CM034387.1	51.515	22.55	M31,MZ	705.515768	3.19624323407043	MZ
Dendrolimus_kikuchii	CM034387.1	47.257	22.85	M31,MZ	705.515768	3.23876531700706	MZ
Dendrolimus_kikuchii	CM034387.1	63.9	32.75	M31,MZ	705.515768	4.64199405391603	M31
Dendrolimus_kikuchii	CM034387.1	64.281	33.65	M31,MZ	705.515768	4.76956030272593	M31
Dendrolimus_kikuchii	CM034387.1	82.249	30.65	M31,MZ	705.515768	4.34433947335958	M31
Dendrolimus_kikuchii	CM034387.1	44.441	17.75	M31,MZ	705.515768	2.51588990708426	MZ
Dendrolimus_kikuchii	CM034387.1	68.379	30.25	M31,MZ	705.515768	4.2876433627774	M31
Dendrolimus_kikuchii	CM034387.1	43.697	15.15	M31,MZ	705.515768	2.14736518830009	MZ
Dendrolimus_kikuchii	CM034387.1	45.61	23.35	M31,MZ	705.515768	3.30963545523479	MZ
Dendrolimus_kikuchii	CM034387.1	66.945	29.45	M31,MZ	705.515768	4.17425114161304	M31
Dendrolimus_kikuchii	CM034387.1	37.371	23.45	M31,MZ	705.515768	3.32380948288033	MZ
Dendrolimus_kikuchii	CM034387.1	67.176	34.65	M31,MZ	705.515768	4.91130057918139	M31
Dendrolimus_kikuchii	CM034387.1	33.111	20.35	M31,MZ	705.515768	2.88441462586843	MZ
Dendrolimus_kikuchii	CM034387.1	43.221	19.85	M31,MZ	705.515768	2.81354448764071	MZ
Dendrolimus_kikuchii	CM034387.1	42.163	9.15	M31,MZ	705.515768	1.29692352956738	MZ
Dendrolimus_kikuchii	CM034387.1	70.163	34.05	M31,MZ	705.515768	4.82625641330811	M31
Dendrolimus_kikuchii	CM034387.1	56.08	32.55	M31,MZ	705.515768	4.61364599862494	M31
Dendrolimus_kikuchii	CM034387.1	76.558	1.15	M31,MZ	705.515768	0.163001317923769	MZ
Dendrolimus_kikuchii	CM034387.1	57.017	26.65	M31,MZ	705.515768	3.77737836753778	MZ
Dendrolimus_kikuchii	CM034387.1	62.263	34.45	M31,MZ	705.515768	4.8829525238903	M31
Dendrolimus_kikuchii	CM034387.1	71.485	30.05	M31,MZ	705.515768	4.25929530748631	M31
Dendrolimus_kikuchii	CM034387.1	61.727	29.35	M31,MZ	705.515768	4.16007711396749	M31
Dendrolimus_kikuchii	CM034387.1	71.064	27.35	M31,MZ	705.515768	3.87659656105659	MZ
Dendrolimus_kikuchii	CM034387.1	44.843	25.25	M31,MZ	705.515768	3.57894198050014	MZ
Dendrolimus_kikuchii	CM034387.1	43.256	13.05	M31,MZ	705.515768	1.84971060774364	MZ
Dendrolimus_kikuchii	CM034387.1	56.419	21.35	M31,MZ	705.515768	3.02615490232388	MZ
Dendrolimus_kikuchii	CM034387.1	68.365	0.85	M31,MZ	705.515768	0.120479234987134	MZ
Dendrolimus_kikuchii	CM034387.1	42.657	17.55	M31,MZ	705.515768	2.48754185179317	MZ
Dendrolimus_kikuchii	CM034387.1	53.624	0.55	M31,MZ	705.515768	0.0779571520504982	MZ
Dendrolimus_kikuchii	CM034387.1	59.472	33.85	M31,MZ	705.515768	4.79790835801703	M31
Dendrolimus_kikuchii	CM034387.1	59.865	33.45	M31,MZ	705.515768	4.74121224743484	M31
Dendrolimus_kikuchii	CM034387.1	74.149	37.25	M31,MZ	705.515768	5.27982529796556	M31
Dendrolimus_kikuchii	CM034387.1	62.212	29.25	M31,MZ	705.515768	4.14590308632195	M31
Dendrolimus_kikuchii	CM034387.1	52.246	26.75	M31,MZ	705.515768	3.79155239518332	MZ
Dendrolimus_kikuchii	CM034387.1	35.596	11.85	M31,MZ	705.515768	1.6796222759971	MZ
Dendrolimus_kikuchii	CM034387.1	53.404	28.95	M31,MZ	705.515768	4.10338100338531	M31
Dendrolimus_kikuchii	CM034387.1	71.073	29.85	M31,MZ	705.515768	4.23094725219522	M31
Dendrolimus_kikuchii	CM034387.1	65.623	5.75	M31,MZ	705.515768	0.815006589618845	MZ
Dendrolimus_kikuchii	CM034387.1	57.054	5.45	M31,MZ	705.515768	0.772484506682209	MZ
Dendrolimus_kikuchii	CM034387.1	43.472	13.75	M31,MZ	705.515768	1.94892880126245	MZ
Dendrolimus_kikuchii	CM034387.1	42.709	22.45	M31,MZ	705.515768	3.18206920642488	MZ
Dendrolimus_kikuchii	CM034387.1	39.89	10.95	M31,MZ	705.515768	1.55205602718719	MZ
Dendrolimus_kikuchii	CM034387.1	69.468	13.35	M31,MZ	705.515768	1.89223269068027	MZ
Dendrolimus_kikuchii	CM034387.1	68.599	37.15	M31,MZ	705.515768	5.26565127032001	M31
Dendrolimus_kikuchii	CM034387.1	66.869	34.25	M31,MZ	705.515768	4.8546044685992	M31
Dendrolimus_kikuchii	CM034387.1	66.536	38.15	M31,MZ	705.515768	5.40739154677546	M31
Dendrolimus_kikuchii	CM034387.1	66.188	4.25	M31,MZ	705.515768	0.602396174935668	MZ
Dendrolimus_kikuchii	CM034387.1	61.193	29.15	M31,MZ	705.515768	4.1317290586764	M31
Dendrolimus_kikuchii	CM034387.1	40.852	14.45	M31,MZ	705.515768	2.04814699478127	MZ
Dendrolimus_kikuchii	CM034387.1	54.913	11.45	M31,MZ	705.515768	1.62292616541492	MZ
Dendrolimus_kikuchii	CM034387.1	66.34	27.15	M31,MZ	705.515768	3.8482485057655	MZ
Dendrolimus_kikuchii	CM034387.1	52.591	39.05	M31,MZ	705.515768	5.53495779558537	M31
Dendrolimus_kikuchii	CM034387.1	36.179	23.55	M31,MZ	705.515768	3.33798351052588	MZ
Dendrolimus_kikuchii	CM034387.1	40.748	19.75	M31,MZ	705.515768	2.79937045999516	MZ
Dendrolimus_kikuchii	CM034387.1	47.557	8.75	M31,MZ	705.515768	1.2402274189852	MZ
Dendrolimus_kikuchii	CM034387.1	65.405	33.35	M31,MZ	705.515768	4.7270382197893	M31
Dendrolimus_kikuchii	CM034387.1	67.849	33.25	M31,MZ	705.515768	4.71286419214375	M31
Dendrolimus_kikuchii	CM034387.1	70.432	29.05	M31,MZ	705.515768	4.11755503103086	M31
Dendrolimus_kikuchii	CM034387.1	38.592	18.05	M31,MZ	705.515768	2.5584119900209	MZ
Dendrolimus_kikuchii	CM034387.1	54.192	25.65	M31,MZ	705.515768	3.63563809108232	MZ
Dendrolimus_kikuchii	CM034387.1	59.548	26.55	M31,MZ	705.515768	3.76320433989223	MZ
Dendrolimus_kikuchii	CM034387.1	51.869	25.15	M31,MZ	705.515768	3.5647679528546	MZ
Dendrolimus_kikuchii	CM034387.1	70.48	36.65	M31,MZ	705.515768	5.19478113209229	M31
Dendrolimus_kikuchii	CM034387.1	80.641	36.75	M31,MZ	705.515768	5.20895515973783	M31
Dendrolimus_kikuchii	CM034387.1	40.718	9.95	M31,MZ	705.515768	1.41031575073174	MZ
Dendrolimus_kikuchii	CM034387.1	54.316	12.75	M31,MZ	705.515768	1.807188524807	MZ
Dendrolimus_kikuchii	CM034387.1	57.842	17.35	M31,MZ	705.515768	2.45919379650208	MZ
Dendrolimus_kikuchii	CM034387.1	64.249	31.85	M31,MZ	705.515768	4.51442780510612	M31
Dendrolimus_kikuchii	CM034387.1	54.765	17.45	M31,MZ	705.515768	2.47336782414762	MZ
Dendrolimus_kikuchii	CM034387.1	59.335	32.35	M31,MZ	705.515768	4.58529794333385	M31
Dendrolimus_kikuchii	CM034387.1	48.043	14.05	M31,MZ	705.515768	1.99145088419909	MZ
Dendrolimus_kikuchii	CM034387.1	64.974	33.55	M31,MZ	705.515768	4.75538627508039	M31
Dendrolimus_kikuchii	CM034387.1	62.598	28.35	M31,MZ	705.515768	4.01833683751204	M31
Dendrolimus_kikuchii	CM034387.1	49.752	21.15	M31,MZ	705.515768	2.99780684703279	MZ
Dendrolimus_kikuchii	CM034387.1	69.498	2.25	M31,MZ	705.515768	0.318915622024765	MZ
Dendrolimus_kikuchii	CM034387.1	45.776	14.55	M31,MZ	705.515768	2.06232102242682	MZ
Dendrolimus_kikuchii	CM034387.1	49.638	14.95	M31,MZ	705.515768	2.119017133009	MZ
Dendrolimus_kikuchii	CM034387.1	63.932	5.65	M31,MZ	705.515768	0.8008325619733	MZ
Dendrolimus_kikuchii	CM034387.1	57.58	34.55	M31,MZ	705.515768	4.89712655153584	M31
Dendrolimus_kikuchii	CM034387.1	59.679	4.75	M31,MZ	705.515768	0.673266313163393	MZ
Dendrolimus_kikuchii	CM034387.1	68.836	32.85	M31,MZ	705.515768	4.65616808156157	M31
Dendrolimus_kikuchii	CM034387.1	57.797	22.35	M31,MZ	705.515768	3.16789517877934	MZ
Dendrolimus_kikuchii	CM034387.1	53.606	22.65	M31,MZ	705.515768	3.21041726171597	MZ
Dendrolimus_kikuchii	CM034387.1	55.326	17.25	M31,MZ	705.515768	2.44501976885653	MZ
Dendrolimus_kikuchii	CM034387.1	69.928	28.75	M31,MZ	705.515768	4.07503294809422	M31
Dendrolimus_kikuchii	CM034387.1	52.286	26.15	M31,MZ	705.515768	3.70650822931005	MZ
Dendrolimus_kikuchii	CM034387.1	45.667	25.75	M31,MZ	705.515768	3.64981211872787	MZ
Dendrolimus_kikuchii	CM034387.1	35.197	9.65	M31,MZ	705.515768	1.3677936677951	MZ
Dendrolimus_kikuchii	CM034387.1	45.496	21.05	M31,MZ	705.515768	2.98363281938725	MZ
Dendrolimus_kikuchii	CM034387.1	33.406	9.75	M31,MZ	705.515768	1.38196769544065	MZ
Dendrolimus_kikuchii	CM034387.1	48.522	23.25	M31,MZ	705.515768	3.29546142758924	MZ
Dendrolimus_kikuchii	CM034387.1	70.055	0.75	M31,MZ	705.515768	0.106305207341588	MZ
Dendrolimus_kikuchii	CM034387.1	61.737	3.25	M31,MZ	705.515768	0.460655898480217	MZ
Dendrolimus_kikuchii	CM034387.1	40.016	15.55	M31,MZ	705.515768	2.20406129888227	MZ
Dendrolimus_kikuchii	CM034387.1	57.043	8.95	M31,MZ	705.515768	1.26857547427629	MZ
Dendrolimus_kikuchii	CM034387.1	43.67	8.85	M31,MZ	705.515768	1.25440144663074	MZ
Dendrolimus_kikuchii	CM034387.1	63.181	33.05	M31,MZ	705.515768	4.68451613685266	M31
Dendrolimus_kikuchii	CM034387.1	62.036	25.55	M31,MZ	705.515768	3.62146406343678	MZ
Dendrolimus_kikuchii	CM034387.1	51.916	9.55	M31,MZ	705.515768	1.35361964014956	MZ
Dendrolimus_kikuchii	CM034387.1	38.6	20.75	M31,MZ	705.515768	2.94111073645061	MZ
Dendrolimus_kikuchii	CM034387.1	53.505	20.85	M31,MZ	705.515768	2.95528476409616	MZ
Dendrolimus_kikuchii	CM034387.1	63.828	38.05	M31,MZ	705.515768	5.39321751912992	M31
Dendrolimus_kikuchii	CM034387.1	56.287	26.25	M31,MZ	705.515768	3.7206822569556	MZ
Dendrolimus_kikuchii	CM034387.1	67.314	31.75	M31,MZ	705.515768	4.50025377746058	M31
Dendrolimus_kikuchii	CM034387.1	64.243	3.15	M31,MZ	705.515768	0.446481870834671	MZ
Dendrolimus_kikuchii	CM034387.1	82.093	32.25	M31,MZ	705.515768	4.5711239156883	M31
Dendrolimus_kikuchii	CM034387.1	76.615	32.05	M31,MZ	705.515768	4.54277586039721	M31
Dendrolimus_kikuchii	CM034387.1	68.11	0.65	M31,MZ	705.515768	0.0921311796960433	MZ
Dendrolimus_kikuchii	CM034387.1	72.813	36.35	M31,MZ	705.515768	5.15225904915565	M31
Dendrolimus_kikuchii	CM034387.1	62.468	4.65	M31,MZ	705.515768	0.659092285517848	MZ
Dendrolimus_kikuchii	CM034387.1	56.017	9.45	M31,MZ	705.515768	1.33944561250401	MZ
Dendrolimus_kikuchii	CM034387.1	40.956	19.95	M31,MZ	705.515768	2.82771851528625	MZ
Dendrolimus_kikuchii	CM034387.1	46.126	20.05	M31,MZ	705.515768	2.8418925429318	MZ
Dendrolimus_kikuchii	CM034387.1	69.299	37.95	M31,MZ	705.515768	5.37904349148438	M31
Dendrolimus_kikuchii	CM034387.1	49.997	20.65	M31,MZ	705.515768	2.92693670880507	MZ
Dendrolimus_kikuchii	CM034387.1	53.897	24.95	M31,MZ	705.515768	3.53641989756351	MZ
Dendrolimus_kikuchii	CM034387.1	47.598	14.25	M31,MZ	705.515768	2.01979893949018	MZ
Dendrolimus_kikuchii	CM034387.1	68.982	36.55	M31,MZ	705.515768	5.18060710444674	M31
Dendrolimus_kikuchii	CM034387.1	62.327	27.05	M31,MZ	705.515768	3.83407447811996	MZ
Dendrolimus_kikuchii	CM034387.1	62.092	2.95	M31,MZ	705.515768	0.418133815543581	MZ
Dendrolimus_kikuchii	CM034387.1	46.718	13.85	M31,MZ	705.515768	1.963102828908	MZ
Dendrolimus_kikuchii	CM034387.1	80.856	37.85	M31,MZ	705.515768	5.36486946383883	M31
Dendrolimus_kikuchii	CM034387.1	52.813	10.85	M31,MZ	705.515768	1.53788199954165	MZ
Dendrolimus_kikuchii	CM034387.1	69.613	4.35	M31,MZ	705.515768	0.616570202581213	MZ
Dendrolimus_kikuchii	CM034387.1	61.146	39.75	M31,MZ	705.515768	5.63417598910419	M31
Dendrolimus_kikuchii	CM034387.1	68.264	28.85	M31,MZ	705.515768	4.08920697573977	M31
Dendrolimus_kikuchii	CM034387.1	48.17	9.25	M31,MZ	705.515768	1.31109755721292	MZ
Dendrolimus_kikuchii	CM034387.1	51.432	9.35	M31,MZ	705.515768	1.32527158485847	MZ
Dendrolimus_kikuchii	CM034387.1	79.948	31.45	M31,MZ	705.515768	4.45773169452394	M31
Dendrolimus_kikuchii	CM034387.1	46.696	9.85	M31,MZ	705.515768	1.39614172308619	MZ
Dendrolimus_kikuchii	CM034387.1	62.448	26.45	M31,MZ	705.515768	3.74903031224669	MZ
Dendrolimus_kikuchii	CM034387.1	74.483	36.25	M31,MZ	705.515768	5.13808502151011	M31
Dendrolimus_kikuchii	CM034387.1	74.969	36.45	M31,MZ	705.515768	5.1664330768012	M31
Dendrolimus_kikuchii	CM034387.1	64.896	2.85	M31,MZ	705.515768	0.403959787898036	MZ
Dendrolimus_kikuchii	CM034387.1	69.847	34.75	M31,MZ	705.515768	4.92547460682693	M31
Dendrolimus_kikuchii	CM034387.1	72.222	31.15	M31,MZ	705.515768	4.41520961158731	M31
Dendrolimus_kikuchii	CM034387.1	57.439	26.05	M31,MZ	705.515768	3.69233420166451	MZ
Dendrolimus_kikuchii	CM034387.1	62.148	2.05	M31,MZ	705.515768	0.290567566733675	MZ
Dendrolimus_kikuchii	CM034387.1	61.83	27.55	M31,MZ	705.515768	3.90494461634768	MZ
Dendrolimus_kikuchii	CM034387.1	63.517	12.35	M31,MZ	705.515768	1.75049241422482	MZ
Dendrolimus_kikuchii	CM034387.1	61.733	35.35	M31,MZ	705.515768	5.0105187727002	M31
Dendrolimus_kikuchii	CM034387.1	72.123	31.35	M31,MZ	705.515768	4.4435576668784	M31
Dendrolimus_kikuchii	CM034387.1	62.439	2.15	M31,MZ	705.515768	0.30474159437922	MZ
Dendrolimus_kikuchii	CM034387.1	44.116	24.75	M31,MZ	705.515768	3.50807184227242	MZ
Dendrolimus_kikuchii	CM034387.1	56.402	26.85	M31,MZ	705.515768	3.80572642282887	MZ
Dendrolimus_kikuchii	CM034387.1	43.337	15.05	M31,MZ	705.515768	2.13319116065454	MZ
Dendrolimus_kikuchii	CM034387.1	67.115	0.35	M31,MZ	705.515768	0.0496090967594079	MZ
Dendrolimus_kikuchii	CM034387.1	63.511	4.45	M31,MZ	705.515768	0.630744230226758	MZ
Dendrolimus_kikuchii	CM034387.1	55.218	28.55	M31,MZ	705.515768	4.04668489280313	M31
Dendrolimus_kikuchii	CM034387.1	66.988	0.45	M31,MZ	705.515768	0.0637831244049531	MZ
Dendrolimus_kikuchii	CM034387.1	35.447	23.75	M31,MZ	705.515768	3.36633156581697	MZ
Dendrolimus_kikuchii	CM034387.1	42.151	16.85	M31,MZ	705.515768	2.38832365827435	MZ
Dendrolimus_kikuchii	CM034387.1	55.884	28.45	M31,MZ	705.515768	4.03251086515759	M31
Dendrolimus_kikuchii	CM034387.1	44.405	12.25	M31,MZ	705.515768	1.73631838657928	MZ
Dendrolimus_kikuchii	CM034387.1	44.4	12.05	M31,MZ	705.515768	1.70797033128819	MZ
Dendrolimus_kikuchii	CM034387.1	44.875	20.55	M31,MZ	705.515768	2.91276268115952	MZ
Dendrolimus_kikuchii	CM034387.1	75.966	31.55	M31,MZ	705.515768	4.47190572216949	M31
Dendrolimus_kikuchii	CM034387.1	57.496	20.95	M31,MZ	705.515768	2.9694587917417	MZ
Dendrolimus_kikuchii	CM034387.1	63.592	31.95	M31,MZ	705.515768	4.52860183275167	M31
Dendrolimus_kikuchii	CM034387.1	72.275	38.95	M31,MZ	705.515768	5.52078376793983	M31
Dendrolimus_kikuchii	CM034387.1	88.255	37.75	M31,MZ	705.515768	5.35069543619329	M31
Dendrolimus_kikuchii	CM034387.1	61.906	1.85	M31,MZ	705.515768	0.262219511442585	MZ
Dendrolimus_kikuchii	CM034387.1	66.673	1.95	M31,MZ	705.515768	0.27639353908813	MZ
Dendrolimus_kikuchii	CM034387.1	77.32818	39.836563	M31,MZ	705.515768	5.646445452655	M31
Dendrolimus_kikuchii	CM034387.1	74.925	39.65	M31,MZ	705.515768	5.62000196145864	M31
Dendrolimus_kikuchii	CM034387.1	74.327	38.65	M31,MZ	705.515768	5.47826168500319	M31
Dendrolimus_kikuchii	CM034387.1	71.02	39.35	M31,MZ	705.515768	5.57747987852201	M31
Dendrolimus_kikuchii	CM034387.1	70.652	39.15	M31,MZ	705.515768	5.54913182323092	M31
Dendrolimus_kikuchii	CM034387.1	64.98	31.25	M31,MZ	705.515768	4.42938363923285	M31
Dendrolimus_kikuchii	CM034387.1	50.211	12.45	M31,MZ	705.515768	1.76466644187037	MZ
Dendrolimus_kikuchii	CM034387.1	29.048	25.85	M31,MZ	705.515768	3.66398614637342	MZ
Dendrolimus_kikuchii	CM034387.1	59.331	26.35	M31,MZ	705.515768	3.73485628460114	MZ
Dendrolimus_kikuchii	CM034387.1	62.644	0.15	M31,MZ	705.515768	0.0212610414683177	MZ
Dendrolimus_kikuchii	CM034387.1	68.144	2.65	M31,MZ	705.515768	0.375611732606946	MZ
Dendrolimus_kikuchii	CM034387.1	62.671	3.35	M31,MZ	705.515768	0.474829926125762	MZ
Dendrolimus_kikuchii	CM034387.1	61.137	3.45	M31,MZ	705.515768	0.489003953771307	MZ
Dendrolimus_kikuchii	CM034387.1	71.858	1.65	M31,MZ	705.515768	0.233871456151495	MZ
Dendrolimus_kikuchii	CM034387.1	66.506	2.45	M31,MZ	705.515768	0.347263677315856	MZ
Dendrolimus_kikuchii	CM034387.1	68.493	28.65	M31,MZ	705.515768	4.06085892044868	M31
Dendrolimus_kikuchii	CM034387.1	72.139	39.55	M31,MZ	705.515768	5.6058279338131	M31
Dendrolimus_kikuchii	CM034387.1	63.273	3.85	M31,MZ	705.515768	0.545700064353487	MZ
Dendrolimus_kikuchii	CM034387.1	43.299	23.85	M31,MZ	705.515768	3.38050559346251	MZ
Dendrolimus_kikuchii	CM034387.1	65.14	35.15	M31,MZ	705.515768	4.98217071740911	M31
Dendrolimus_kikuchii	CM034387.1	63.095	20.45	M31,MZ	705.515768	2.89858865351398	MZ
Dendrolimus_kikuchii	CM034387.1	67.09	36.15	M31,MZ	705.515768	5.12391099386456	M31
Dendrolimus_kikuchii	CM034387.1	55.974	26.95	M31,MZ	705.515768	3.81990045047441	MZ
Dendrolimus_kikuchii	CM034387.1	65.566	16.65	M31,MZ	705.515768	2.35997560298326	MZ
Dendrolimus_kikuchii	CM034387.1	55.408	4.55	M31,MZ	705.515768	0.644918257872303	MZ
Dendrolimus_kikuchii	CM034387.1	42.217	16.95	M31,MZ	705.515768	2.4024976859199	MZ
Dendrolimus_kikuchii	CM034387.1	72.63	2.75	M31,MZ	705.515768	0.389785760252491	MZ
Dendrolimus_kikuchii	CM034387.1	52.053	16.55	M31,MZ	705.515768	2.34580157533772	MZ
Dendrolimus_kikuchii	CM034387.1	82.319	39.45	M31,MZ	705.515768	5.59165390616755	M31
Dendrolimus_kikuchii	CM034387.1	70.467	35.55	M31,MZ	705.515768	5.03886682799129	M31
Dendrolimus_kikuchii	CM034387.1	71.566	4.15	M31,MZ	705.515768	0.588222147290123	MZ
Dendrolimus_kikuchii	CM034387.1	47.266	12.15	M31,MZ	705.515768	1.72214435893373	MZ
Dendrolimus_kikuchii	CM034387.1	48.171	15.65	M31,MZ	705.515768	2.21823532652781	MZ
Dendrolimus_kikuchii	CM034387.1	39.697	24.55	M31,MZ	705.515768	3.47972378698133	MZ
Dendrolimus_kikuchii	CM034387.1	46.612	24.85	M31,MZ	705.515768	3.52224586991796	MZ
Dendrolimus_kikuchii	CM034387.1	47.663	25.05	M31,MZ	705.515768	3.55059392520905	MZ
Dendrolimus_kikuchii	CM034387.1	65.568	27.25	M31,MZ	705.515768	3.86242253341105	MZ
Dendrolimus_kikuchii	CM034387.1	69.782	38.85	M31,MZ	705.515768	5.50660974029428	M31
Dendrolimus_kikuchii	CM034387.1	70.55	38.75	M31,MZ	705.515768	5.49243571264874	M31
Dendrolimus_kikuchii	CM034387.1	53.617	16.45	M31,MZ	705.515768	2.33162754769217	MZ
Dendrolimus_kikuchii	CM034387.1	49.146	14.15	M31,MZ	705.515768	2.00562491184463	MZ
Dendrolimus_kikuchii	CM034387.1	69.903	38.45	M31,MZ	705.515768	5.4499136297121	M31
Dendrolimus_kikuchii	CM034387.1	61.567	3.75	M31,MZ	705.515768	0.531526036707942	MZ
Dendrolimus_kikuchii	CM034387.1	38.138	23.65	M31,MZ	705.515768	3.35215753817142	MZ
Dendrolimus_kikuchii	CM034387.1	67.413	2.55	M31,MZ	705.515768	0.361437704961401	MZ
Dendrolimus_kikuchii	CM034387.1	59.471	0.25	M31,MZ	705.515768	0.0354350691138628	MZ
Dendrolimus_kikuchii	CM034387.1	66.929	35.45	M31,MZ	705.515768	5.02469280034575	M31
Dendrolimus_kikuchii	CM034387.1	51.601	35.85	M31,MZ	705.515768	5.08138891092793	M31
Dendrolimus_kikuchii	CM034387.1	63.697	2.35	M31,MZ	705.515768	0.33308964967031	MZ
Dendrolimus_kikuchii	CM034387.1	59.597	35.65	M31,MZ	705.515768	5.05304085563684	M31
Dendrolimus_kikuchii	CM034387.1	76.545	35.95	M31,MZ	705.515768	5.09556293857347	M31
Dendrolimus_kikuchii	CM034387.1	64.342	35.25	M31,MZ	705.515768	4.99634474505466	M31
Dendrolimus_kikuchii	CM034387.1	75.021	38.55	M31,MZ	705.515768	5.46408765735764	M31
Dendrolimus_kikuchii	CM034387.1	53.951	28.15	M31,MZ	705.515768	3.98998878222095	M31
Dendrolimus_kikuchii	CM034387.1	51.48	16.35	M31,MZ	705.515768	2.31745352004663	MZ
Dendrolimus_kikuchii	CM034387.1	44.799	14.65	M31,MZ	705.515768	2.07649505007236	MZ
Dendrolimus_kikuchii	CM034387.1	49.072	16.05	M31,MZ	705.515768	2.27493143710999	MZ
Dendrolimus_kikuchii	CM034387.1	65.677	31.65	M31,MZ	705.515768	4.48607974981503	M31
Dendrolimus_kikuchii	CM034387.1	47.386	14.35	M31,MZ	705.515768	2.03397296713573	MZ
Dendrolimus_kikuchii	CM034387.1	47.624	16.75	M31,MZ	705.515768	2.37414963062881	MZ
Dendrolimus_kikuchii	CM034387.1	41.671	3.05	M31,MZ	705.515768	0.432307843189126	MZ
Dendrolimus_kikuchii	CM034387.1	57.473	17.05	M31,MZ	705.515768	2.41667171356544	MZ
Dendrolimus_kikuchii	CM034387.1	48.734	16.25	M31,MZ	705.515768	2.30327949240108	MZ
Dendrolimus_kikuchii	CM034387.1	77.451	36.05	M31,MZ	705.515768	5.10973696621902	M31
Dendrolimus_kikuchii	CM034387.1	66.686	35.75	M31,MZ	705.515768	5.06721488328238	M31
Dendrolimus_kikuchii	CM034387.1	46.23	15.75	M31,MZ	705.515768	2.23240935417336	MZ
Dendrolimus_kikuchii	CM034387.1	53.233	12.65	M31,MZ	705.515768	1.79301449716146	MZ
Dendrolimus_kikuchii	CM034387.1	49.72	15.95	M31,MZ	705.515768	2.26075740946445	MZ
Dendrolimus_kikuchii	CM034387.1	64.595	4.05	M31,MZ	705.515768	0.574048119644577	MZ
Dendrolimus_kikuchii	CM034387.1	47.937	17.15	M31,MZ	705.515768	2.43084574121099	MZ
Dendrolimus_kikuchii	CM034387.1	39.119	14.75	M31,MZ	705.515768	2.09066907771791	MZ
Dendrolimus_kikuchii	CM034387.1	52.105	28.05	M31,MZ	705.515768	3.97581475457541	M31
Dendrolimus_kikuchii	CM034387.1	42.398	24.65	M31,MZ	705.515768	3.49389781462687	MZ
Dendrolimus_kikuchii	CM034387.1	36.989	25.95	M31,MZ	705.515768	3.67816017401896	MZ
Dendrolimus_kikuchii	CM034387.1	62.957	38.35	M31,MZ	705.515768	5.43573960206656	M31
Dendrolimus_kikuchii	CM034387.1	56.598	0.05	M31,MZ	705.515768	0.00708701382277256	MZ
Dendrolimus_kikuchii	CM034387.1	64.741	27.85	M31,MZ	705.515768	3.94746669928432	M31
Dendrolimus_kikuchii	CM034387.1	43.503	12.55	M31,MZ	705.515768	1.77884046951591	MZ
Dendrolimus_kikuchii	CM034387.1	66.307	24.25	M31,MZ	705.515768	3.43720170404469	MZ
Dendrolimus_kikuchii	CM034387.1	51.324	24.05	M31,MZ	705.515768	3.4088536487536	MZ
Dendrolimus_kikuchii	CM034387.1	73.122	35.05	M31,MZ	705.515768	4.96799668976357	M31
Dendrolimus_kikuchii	CM034387.1	61.035	34.85	M31,MZ	705.515768	4.93964863447248	M31
Dendrolimus_kikuchii	CM034387.1	60.086	27.95	M31,MZ	705.515768	3.96164072692986	M31
Dendrolimus_kikuchii	CM034387.1	48.074	24.35	M31,MZ	705.515768	3.45137573169024	MZ
Dendrolimus_kikuchii	CM034387.1	66.544	38.25	M31,MZ	705.515768	5.42156557442101	M31
Dendrolimus_kikuchii	CM034387.1	40.161	23.95	M31,MZ	705.515768	3.39467962110806	MZ
Dendrolimus_kikuchii	CM034387.1	64.851	28.25	M31,MZ	705.515768	4.0041628098665	M31
Dendrolimus_kikuchii	CM034387.1	56.359	15.85	M31,MZ	705.515768	2.2465833818189	MZ
Dendrolimus_kikuchii	CM034387.1	47.069	24.15	M31,MZ	705.515768	3.42302767639915	MZ
Dendrolimus_kikuchii	CM034387.1	51.327	24.45	M31,MZ	705.515768	3.46554975933578	MZ
Dendrolimus_kikuchii	CM034387.1	57.269	3.65	M31,MZ	705.515768	0.517352009062397	MZ
Dendrolimus_kikuchii	CM034387.1	59.388	16.15	M31,MZ	705.515768	2.28910546475554	MZ
Dendrolimus_kikuchii	CM034387.1	59.746	3.95	M31,MZ	705.515768	0.559874091999032	MZ
Dendrolimus_kikuchii	CM034387.1	63.498	27.75	M31,MZ	705.515768	3.93329267163877	M31
Dendrolimus_kikuchii	CM034387.1	78.171	34.95	M31,MZ	705.515768	4.95382266211802	M31
Dendrolimus_kikuchii	CM034387.1	58.122	3.55	M31,MZ	705.515768	0.503177981416852	MZ
Dendrolimus_kikuchii	CM034387.1	62.248	39.25	M31,MZ	705.515768	5.56330585087646	M31
Dendrolimus_punctatus	CM022556.1	62.244	7.55	M31	614.070971	1.22949957847788	M31
Dendrolimus_punctatus	CM022556.1	89.219	6.95	M31	614.070971	1.1317910027048	M31
Dendrolimus_punctatus	CM022556.1	70.467	6.05	M31	614.070971	0.985228139045185	M31
Dendrolimus_punctatus	CM022556.1	64.24	6.25	M31	614.070971	1.01779766430288	M31
Dendrolimus_punctatus	CM022556.1	75.003	5.95	M31	614.070971	0.968943376416339	M31
Dendrolimus_punctatus	CM022556.1	65.087	7.65	M31	614.070971	1.24578434110672	M31
Dendrolimus_punctatus	CM022556.1	75.519	8.55	M31	614.070971	1.39234720476634	M31
Dendrolimus_punctatus	CM022556.1	69.298	8.45	M31	614.070971	1.37606244213749	M31
Dendrolimus_punctatus	CM022556.1	59.837	7.95	M31	614.070971	1.29463862899326	M31
Dendrolimus_punctatus	CM022556.1	70.494	7.85	M31	614.070971	1.27835386636441	M31
Dendrolimus_punctatus	CM022556.1	74.348	6.75	M31	614.070971	1.09922147744711	M31
Dendrolimus_punctatus	CM022556.1	50.973	8.95	M31	614.070971	1.45748625528172	M31
Dendrolimus_punctatus	CM022556.1	73.055	6.15	M31	614.070971	1.00151290167403	M31
Dendrolimus_punctatus	CM022556.1	66.947	2.15	M31	614.070971	0.35012239652019	M31
Dendrolimus_punctatus	CM022556.1	88.423	6.85	M31	614.070971	1.11550624007595	M31
Dendrolimus_punctatus	CM022556.1	65.368	2.35	M31	614.070971	0.382691921777882	M31
Dendrolimus_punctatus	CM022556.1	57.405	3.75	M31	614.070971	0.610678598581726	M31
Dendrolimus_punctatus	CM022556.1	35.421	8.05	M31	614.070971	1.31092339162211	M31
Dendrolimus_punctatus	CM022556.1	56.635	8.25	M31	614.070971	1.3434929168798	M31
Dendrolimus_punctatus	CM022556.1	75.33	2.05	M31	614.070971	0.333837633891344	M31
Dendrolimus_punctatus	CM022556.1	68.336	8.65	M31	614.070971	1.40863196739518	M31
Dendrolimus_punctatus	CM022556.1	47.833	8.15	M31	614.070971	1.32720815425095	M31
Dendrolimus_punctatus	CM022556.1	57.826	6.35	M31	614.070971	1.03408242693172	M31
Dendrolimus_punctatus	CM022556.1	60.846	7.15	M31	614.070971	1.16436052796249	M31
Dendrolimus_punctatus	CM022556.1	62.562	5.45	M31	614.070971	0.887519563272109	M31
Dendrolimus_punctatus	CM022556.1	61.264	2.45	M31	614.070971	0.398976684406728	M31
Dendrolimus_punctatus	CM022556.1	67.922	7.75	M31	614.070971	1.26206910373557	M31
Dendrolimus_punctatus	CM022556.1	63.344	8.75	M31	614.070971	1.42491673002403	M31
Dendrolimus_punctatus	CM022556.1	58.321	2.25	M31	614.070971	0.366407159149036	M31
Dendrolimus_punctatus	CM022556.1	66.45	0.15	M31	614.070971	0.0244271439432691	M31
Dendrolimus_punctatus	CM022556.1	64.589	0.25	M31	614.070971	0.0407119065721151	M31
Dendrolimus_punctatus	CM022556.1	73.021	9.35	M31	614.070971	1.5226253057971	M31
Dendrolimus_punctatus	CM022556.1	54.869	9.25	M31	614.070971	1.50634054316826	M31
Dendrolimus_punctatus	CM022556.1	55.198	3.65	M31	614.070971	0.59439383595288	M31
Dendrolimus_punctatus	CM022556.1	83.136	6.65	M31	614.070971	1.08293671481826	M31
Dendrolimus_punctatus	CM022556.1	67.711	6.55	M31	614.070971	1.06665195218942	M31
Dendrolimus_punctatus	CM022556.1	57.903	7.35	M31	614.070971	1.19693005322018	M31
Dendrolimus_punctatus	CM022556.1	62.135	9.15	M31	614.070971	1.49005578053941	M31
Dendrolimus_punctatus	CM022556.1	68.838	9.05	M31	614.070971	1.47377101791057	M31
Dendrolimus_punctatus	CM022556.1	63.618	3.95	M31	614.070971	0.643248123839419	M31
Dendrolimus_punctatus	CM022556.1	59.767	7.25	M31	614.070971	1.18064529059134	M31
Dendrolimus_punctatus	CM022556.1	71.263	7.45	M31	614.070971	1.21321481584903	M31
Dendrolimus_punctatus	CM022556.1	68.296	1.05	M31	614.070971	0.170990007602883	M31
Dendrolimus_punctatus	CM022556.1	72.671	1.55	M31	614.070971	0.252413820747114	M31
Dendrolimus_punctatus	CM022556.1	84.075	6.45	M31	614.070971	1.05036718956057	M31
Dendrolimus_punctatus	CM022556.1	60.173	1.95	M31	614.070971	0.317552871262498	M31
Dendrolimus_punctatus	CM022556.1	68.846	7.05	M31	614.070971	1.14807576533365	M31
Dendrolimus_punctatus	CM022556.1	61.28	8.85	M31	614.070971	1.44120149265287	M31
Dendrolimus_punctatus	CM022556.1	54.01	0.05	M31	614.070971	0.00814238131442302	M31
Dendrolimus_punctatus	CM022556.1	62.533	8.35	M31	614.070971	1.35977767950864	M31
Dendrolimus_punctatus	CM022556.1	67.914	9.65	M31	614.070971	1.57147959368364	M31
Dendrolimus_punctatus	CM022556.1	66.722	1.85	M31	614.070971	0.301268108633652	M31
Dendrolimus_punctatus	CM022556.1	80.663	0.65	M31	614.070971	0.105850957087499	M31
Dendrolimus_punctatus	CM022556.1	65.043	2.75	M31	614.070971	0.447830972293266	M31
Dendrolimus_punctatus	CM022556.1	72.02278	9.902897	M31	614.070971	1.61266326982912	M31
Dendrolimus_punctatus	CM022556.1	65.813	5.15	M31	614.070971	0.838665275385571	M31
Dendrolimus_punctatus	CM022556.1	78.277	5.65	M31	614.070971	0.920089088529801	M31
Dendrolimus_punctatus	CM022556.1	63.998	5.25	M31	614.070971	0.854950038014417	M31
Dendrolimus_punctatus	CM022556.1	65.123	5.35	M31	614.070971	0.871234800643263	M31
Dendrolimus_punctatus	CM022556.1	63.142	9.55	M31	614.070971	1.5551948310548	M31
Dendrolimus_punctatus	CM022556.1	81.168	4.15	M31	614.070971	0.675817649097111	M31
Dendrolimus_punctatus	CM022556.1	59.189	2.55	M31	614.070971	0.415261447035574	M31
Dendrolimus_punctatus	CM022556.1	65.64	5.85	M31	614.070971	0.952658613787493	M31
Dendrolimus_punctatus	CM022556.1	61.19	3.85	M31	614.070971	0.626963361210573	M31
Dendrolimus_punctatus	CM022556.1	71.919	1.45	M31	614.070971	0.236129058118268	M31
Dendrolimus_punctatus	CM022556.1	69.643	9.85	M31	614.070971	1.60404911894134	M31
Dendrolimus_punctatus	CM022556.1	59.131	3.35	M31	614.070971	0.545539548066342	M31
Dendrolimus_punctatus	CM022556.1	70.711	9.75	M31	614.070971	1.58776435631249	M31
Dendrolimus_punctatus	CM022556.1	69.321	9.45	M31	614.070971	1.53891006842595	M31
Dendrolimus_punctatus	CM022556.1	73.487	5.75	M31	614.070971	0.936373851158647	M31
Dendrolimus_punctatus	CM022556.1	62.928	5.55	M31	614.070971	0.903804325900955	M31
Dendrolimus_punctatus	CM022556.1	62.389	2.65	M31	614.070971	0.43154620966442	M31
Dendrolimus_punctatus	CM022556.1	61.607	4.75	M31	614.070971	0.773526224870187	M31
Dendrolimus_punctatus	CM022556.1	50.571	0.35	M31	614.070971	0.0569966692009611	M31
Dendrolimus_punctatus	CM022556.1	69.865	4.25	M31	614.070971	0.692102411725957	M31
Dendrolimus_punctatus	CM022556.1	63.132	0.95	M31	614.070971	0.154705244974037	M31
Dendrolimus_punctatus	CM022556.1	59.977	4.95	M31	614.070971	0.806095750127879	M31
Dendrolimus_punctatus	CM022556.1	69.697	4.05	M31	614.070971	0.659532886468265	M31
Dendrolimus_punctatus	CM022556.1	56.064	3.05	M31	614.070971	0.496685260179804	M31
Dendrolimus_punctatus	CM022556.1	60.002	4.65	M31	614.070971	0.757241462241341	M31
Dendrolimus_punctatus	CM022556.1	55.19	0.45	M31	614.070971	0.0732814318298072	M31
Dendrolimus_punctatus	CM022556.1	56.911	4.85	M31	614.070971	0.789810987499033	M31
Dendrolimus_punctatus	CM022556.1	57.779	2.85	M31	614.070971	0.464115734922112	M31
Dendrolimus_punctatus	CM022556.1	58.558	3.45	M31	614.070971	0.561824310695188	M31
Dendrolimus_punctatus	CM022556.1	56.397	1.25	M31	614.070971	0.203559532860575	M31
Dendrolimus_punctatus	CM022556.1	75.824	5.05	M31	614.070971	0.822380512756725	M31
Dendrolimus_punctatus	CM022556.1	65.973	3.25	M31	614.070971	0.529254785437496	M31
Dendrolimus_punctatus	CM022556.1	61.966	1.75	M31	614.070971	0.284983346004806	M31
Dendrolimus_punctatus	CM022556.1	73.511	1.35	M31	614.070971	0.219844295489422	M31
Dendrolimus_punctatus	CM022556.1	63.387	3.15	M31	614.070971	0.51297002280865	M31
Dendrolimus_punctatus	CM022556.1	47.741	2.95	M31	614.070971	0.480400497550958	M31
Dendrolimus_punctatus	CM022556.1	55.308	4.45	M31	614.070971	0.724671936983649	M31
Dendrolimus_punctatus	CM022556.1	55.752	4.55	M31	614.070971	0.740956699612495	M31
Dendrolimus_punctatus	CM022556.1	59.243	3.55	M31	614.070971	0.578109073324034	M31
Dendrolimus_punctatus	CM022556.1	61.319	1.15	M31	614.070971	0.187274770231729	M31
Dendrolimus_punctatus	CM022556.1	60.339	4.35	M31	614.070971	0.708387174354803	M31
Dendrolimus_punctatus	CM022556.1	82.724	0.75	M31	614.070971	0.122135719716345	M31
Dendrolimus_punctatus	CM022556.1	84.294	0.85	M31	614.070971	0.138420482345191	M31
Dendrolimus_punctatus	CM022556.1	54.063	1.65	M31	614.070971	0.26869858337596	M31
Dendrolimus_punctatus	CM022556.1	65.57	0.55	M31	614.070971	0.0895661944586532	M31
Dendrolimus_punctatus	CM022533.1	34.998	5.75	MZ	614.070971	0.936373851158647	MZ
Dendrolimus_punctatus	CM022533.1	35.506	5.45	MZ	614.070971	0.887519563272109	MZ
Dendrolimus_punctatus	CM022533.1	42.965	7.25	MZ	614.070971	1.18064529059134	MZ
Dendrolimus_punctatus	CM022533.1	31.961	7.15	MZ	614.070971	1.16436052796249	MZ
Dendrolimus_punctatus	CM022533.1	32.507	5.95	MZ	614.070971	0.968943376416339	MZ
Dendrolimus_punctatus	CM022533.1	47.578	19.35	MZ	614.070971	3.15110156868171	MZ
Dendrolimus_punctatus	CM022533.1	37.122	6.05	MZ	614.070971	0.985228139045185	MZ
Dendrolimus_punctatus	CM022533.1	41.91	18.15	MZ	614.070971	2.95568441713556	MZ
Dendrolimus_punctatus	CM022533.1	36.908	6.75	MZ	614.070971	1.09922147744711	MZ
Dendrolimus_punctatus	CM022533.1	40.223	18.95	MZ	614.070971	3.08596251816632	MZ
Dendrolimus_punctatus	CM022533.1	38	18.85	MZ	614.070971	3.06967775553748	MZ
Dendrolimus_punctatus	CM022533.1	36.737	6.15	MZ	614.070971	1.00151290167403	MZ
Dendrolimus_punctatus	CM022533.1	54.298	23.15	MZ	614.070971	3.76992254857786	MZ
Dendrolimus_punctatus	CM022533.1	37.157	5.85	MZ	614.070971	0.952658613787493	MZ
Dendrolimus_punctatus	CM022533.1	47.149	5.55	MZ	614.070971	0.903804325900955	MZ
Dendrolimus_punctatus	CM022533.1	26.647	10.65	MZ	614.070971	1.7343272199721	MZ
Dendrolimus_punctatus	CM022533.1	34.839	8.05	MZ	614.070971	1.31092339162211	MZ
Dendrolimus_punctatus	CM022533.1	41.885	10.35	MZ	614.070971	1.68547293208557	MZ
Dendrolimus_punctatus	CM022533.1	36.688	6.85	MZ	614.070971	1.11550624007595	MZ
Dendrolimus_punctatus	CM022533.1	43.041	19.25	MZ	614.070971	3.13481680605286	MZ
Dendrolimus_punctatus	CM022533.1	52.612	5.65	MZ	614.070971	0.920089088529801	MZ
Dendrolimus_punctatus	CM022533.1	57.169	22.55	MZ	614.070971	3.67221397280478	MZ
Dendrolimus_punctatus	CM022533.1	30.068	19.15	MZ	614.070971	3.11853204342402	MZ
Dendrolimus_punctatus	CM022533.1	48.463	5.25	MZ	614.070971	0.854950038014417	MZ
Dendrolimus_punctatus	CM022533.1	36.451	10.45	MZ	614.070971	1.70175769471441	MZ
Dendrolimus_punctatus	CM022533.1	27.711	10.55	MZ	614.070971	1.71804245734326	MZ
Dendrolimus_punctatus	CM022533.1	50.151	20.25	MZ	614.070971	3.29766443234132	MZ
Dendrolimus_punctatus	CM022533.1	42.326	19.85	MZ	614.070971	3.23252538182594	MZ
Dendrolimus_punctatus	CM022533.1	42.452	18.25	MZ	614.070971	2.9719691797644	MZ
Dendrolimus_punctatus	CM022533.1	45.306	19.05	MZ	614.070971	3.10224728079517	MZ
Dendrolimus_punctatus	CM022533.1	43	5.15	MZ	614.070971	0.838665275385571	MZ
Dendrolimus_punctatus	CM022533.1	40.087	6.95	MZ	614.070971	1.1317910027048	MZ
Dendrolimus_punctatus	CM022533.1	29.446	8.15	MZ	614.070971	1.32720815425095	MZ
Dendrolimus_punctatus	CM022533.1	45.51	18.35	MZ	614.070971	2.98825394239325	MZ
Dendrolimus_punctatus	CM022533.1	39.569	6.65	MZ	614.070971	1.08293671481826	MZ
Dendrolimus_punctatus	CM022533.1	41.136	18.45	MZ	614.070971	3.00453870502209	MZ
Dendrolimus_punctatus	CM022533.1	40.324	7.05	MZ	614.070971	1.14807576533365	MZ
Dendrolimus_punctatus	CM022533.1	47.105	22.75	MZ	614.070971	3.70478349806247	MZ
Dendrolimus_punctatus	CM022533.1	51.036	23.05	MZ	614.070971	3.75363778594901	MZ
Dendrolimus_punctatus	CM022533.1	48.107	14.45	MZ	614.070971	2.35314819986825	MZ
Dendrolimus_punctatus	CM022533.1	42.71	22.65	MZ	614.070971	3.68849873543363	MZ
Dendrolimus_punctatus	CM022533.1	29.224	18.55	MZ	614.070971	3.02082346765094	MZ
Dendrolimus_punctatus	CM022533.1	48.147	20.35	MZ	614.070971	3.31394919497017	MZ
Dendrolimus_punctatus	CM022533.1	28.035	7.95	MZ	614.070971	1.29463862899326	MZ
Dendrolimus_punctatus	CM022533.1	63.361	22.95	MZ	614.070971	3.73735302332017	MZ
Dendrolimus_punctatus	CM022533.1	37.158	6.45	MZ	614.070971	1.05036718956057	MZ
Dendrolimus_punctatus	CM022533.1	36.486	11.85	MZ	614.070971	1.92974437151826	MZ
Dendrolimus_punctatus	CM022533.1	41.992	15.05	MZ	614.070971	2.45085677564133	MZ
Dendrolimus_punctatus	CM022533.1	50.714	7.45	MZ	614.070971	1.21321481584903	MZ
Dendrolimus_punctatus	CM022533.1	35.847	18.75	MZ	614.070971	3.05339299290863	MZ
Dendrolimus_punctatus	CM022533.1	48.741	19.75	MZ	614.070971	3.21624061919709	MZ
Dendrolimus_punctatus	CM022533.1	39.321	14.65	MZ	614.070971	2.38571772512594	MZ
Dendrolimus_punctatus	CM022533.1	39.821	11.05	MZ	614.070971	1.79946627048749	MZ
Dendrolimus_punctatus	CM022533.1	36.301	7.55	MZ	614.070971	1.22949957847788	MZ
Dendrolimus_punctatus	CM022533.1	33.037	10.25	MZ	614.070971	1.66918816945672	MZ
Dendrolimus_punctatus	CM022533.1	33.718	14.75	MZ	614.070971	2.40200248775479	MZ
Dendrolimus_punctatus	CM022533.1	55.119	1.05	MZ	614.070971	0.170990007602883	MZ
Dendrolimus_punctatus	CM022533.1	46.735	5.35	MZ	614.070971	0.871234800643263	MZ
Dendrolimus_punctatus	CM022533.1	40.94	20.05	MZ	614.070971	3.26509490708363	MZ
Dendrolimus_punctatus	CM022533.1	38.633	14.85	MZ	614.070971	2.41828725038364	MZ
Dendrolimus_punctatus	CM022533.1	32.19	16.25	MZ	614.070971	2.64627392718748	MZ
Dendrolimus_punctatus	CM022533.1	38.651	7.35	MZ	614.070971	1.19693005322018	MZ
Dendrolimus_punctatus	CM022533.1	39.157	10.15	MZ	614.070971	1.65290340682787	MZ
Dendrolimus_punctatus	CM022533.1	55.878	22.85	MZ	614.070971	3.72106826069132	MZ
Dendrolimus_punctatus	CM022533.1	29.126	11.55	MZ	614.070971	1.88089008363172	MZ
Dendrolimus_punctatus	CM022533.1	33.342	10.05	MZ	614.070971	1.63661864419903	MZ
Dendrolimus_punctatus	CM022533.1	41.178	9.85	MZ	614.070971	1.60404911894134	MZ
Dendrolimus_punctatus	CM022533.1	42.132	19.65	MZ	614.070971	3.19995585656825	MZ
Dendrolimus_punctatus	CM022533.1	49.627	7.85	MZ	614.070971	1.27835386636441	MZ
Dendrolimus_punctatus	CM022533.1	48.028	19.95	MZ	614.070971	3.24881014445478	MZ
Dendrolimus_punctatus	CM022533.1	38.754	7.65	MZ	614.070971	1.24578434110672	MZ
Dendrolimus_punctatus	CM022533.1	46.248	1.15	MZ	614.070971	0.187274770231729	MZ
Dendrolimus_punctatus	CM022533.1	45.653	20.15	MZ	614.070971	3.28137966971248	MZ
Dendrolimus_punctatus	CM022533.1	55.77	16.35	MZ	614.070971	2.66255868981633	MZ
Dendrolimus_punctatus	CM022533.1	33.255	6.35	MZ	614.070971	1.03408242693172	MZ
Dendrolimus_punctatus	CM022533.1	31.652	18.65	MZ	614.070971	3.03710823027979	MZ
Dendrolimus_punctatus	CM022533.1	39.172	12.15	MZ	614.070971	1.97859865940479	MZ
Dendrolimus_punctatus	CM022533.1	30.401	14.55	MZ	614.070971	2.3694329624971	MZ
Dendrolimus_punctatus	CM022533.1	30.274	11.65	MZ	614.070971	1.89717484626056	MZ
Dendrolimus_punctatus	CM022533.1	33.124	11.45	MZ	614.070971	1.86460532100287	MZ
Dendrolimus_punctatus	CM022533.1	61.206	0.85	MZ	614.070971	0.138420482345191	MZ
Dendrolimus_punctatus	CM022533.1	62.137	0.95	MZ	614.070971	0.154705244974037	MZ
Dendrolimus_punctatus	CM022533.1	54.018	17.95	MZ	614.070971	2.92311489187786	MZ
Dendrolimus_punctatus	CM022533.1	42.126	4.75	MZ	614.070971	0.773526224870187	MZ
Dendrolimus_punctatus	CM022533.1	40.366	7.75	MZ	614.070971	1.26206910373557	MZ
Dendrolimus_punctatus	CM022533.1	51.192	5.05	MZ	614.070971	0.822380512756725	MZ
Dendrolimus_punctatus	CM022533.1	31.589	18.05	MZ	614.070971	2.93939965450671	MZ
Dendrolimus_punctatus	CM022533.1	31.657	14.95	MZ	614.070971	2.43457201301248	MZ
Dendrolimus_punctatus	CM022533.1	35.509	19.55	MZ	614.070971	3.1836710939394	MZ
Dendrolimus_punctatus	CM022533.1	34.503	6.55	MZ	614.070971	1.06665195218942	MZ
Dendrolimus_punctatus	CM022533.1	29.664	11.25	MZ	614.070971	1.83203579574518	MZ
Dendrolimus_punctatus	CM022533.1	46.45	14.35	MZ	614.070971	2.33686343723941	MZ
Dendrolimus_punctatus	CM022533.1	51.059	14.25	MZ	614.070971	2.32057867461056	MZ
Dendrolimus_punctatus	CM022533.1	9.96016	23.5016315	MZ	614.070971	3.82718490368111	MZ
Dendrolimus_punctatus	CM022533.1	36.534	12.25	MZ	614.070971	1.99488342203364	MZ
Dendrolimus_punctatus	CM022533.1	52.387	23.35	MZ	614.070971	3.80249207383555	MZ
Dendrolimus_punctatus	CM022533.1	35.147	15.25	MZ	614.070971	2.48342630089902	MZ
Dendrolimus_punctatus	CM022533.1	46.658	12.65	MZ	614.070971	2.06002247254902	MZ
Dendrolimus_punctatus	CM022533.1	34.056	12.75	MZ	614.070971	2.07630723517787	MZ
Dendrolimus_punctatus	CM022533.1	45.618	12.45	MZ	614.070971	2.02745294729133	MZ
Dendrolimus_punctatus	CM022533.1	56.851	2.65	MZ	614.070971	0.43154620966442	MZ
Dendrolimus_punctatus	CM022533.1	37.675	19.45	MZ	614.070971	3.16738633131055	MZ
Dendrolimus_punctatus	CM022533.1	51.263	1.25	MZ	614.070971	0.203559532860575	MZ
Dendrolimus_punctatus	CM022533.1	57.508	22.45	MZ	614.070971	3.65592921017594	MZ
Dendrolimus_punctatus	CM022533.1	30.412	12.05	MZ	614.070971	1.96231389677595	MZ
Dendrolimus_punctatus	CM022533.1	44.871	23.25	MZ	614.070971	3.7862073112067	MZ
Dendrolimus_punctatus	CM022533.1	45.133	17.85	MZ	614.070971	2.90683012924902	MZ
Dendrolimus_punctatus	CM022533.1	39.484	9.55	MZ	614.070971	1.5551948310548	MZ
Dendrolimus_punctatus	CM022533.1	43.997	22.35	MZ	614.070971	3.63964444754709	MZ
Dendrolimus_punctatus	CM022533.1	45.54	4.65	MZ	614.070971	0.757241462241341	MZ
Dendrolimus_punctatus	CM022533.1	46.605	1.55	MZ	614.070971	0.252413820747114	MZ
Dendrolimus_punctatus	CM022533.1	51.262	12.55	MZ	614.070971	2.04373770992018	MZ
Dendrolimus_punctatus	CM022533.1	41.736	1.65	MZ	614.070971	0.26869858337596	MZ
Dendrolimus_punctatus	CM022533.1	43.508	12.35	MZ	614.070971	2.01116818466249	MZ
Dendrolimus_punctatus	CM022533.1	45.258	11.95	MZ	614.070971	1.9460291341471	MZ
Dendrolimus_punctatus	CM022533.1	49.389	3.45	MZ	614.070971	0.561824310695188	MZ
Dendrolimus_punctatus	CM022533.1	43.178	6.25	MZ	614.070971	1.01779766430288	MZ
Dendrolimus_punctatus	CM022533.1	52.425	3.25	MZ	614.070971	0.529254785437496	MZ
Dendrolimus_punctatus	CM022533.1	45.604	21.15	MZ	614.070971	3.44422729600094	MZ
Dendrolimus_punctatus	CM022533.1	38.073	11.35	MZ	614.070971	1.84832055837403	MZ
Dendrolimus_punctatus	CM022533.1	44.514	11.15	MZ	614.070971	1.81575103311633	MZ
Dendrolimus_punctatus	CM022533.1	54.262	23.45	MZ	614.070971	3.8187768364644	MZ
Dendrolimus_punctatus	CM022533.1	41.012	10.75	MZ	614.070971	1.75061198260095	MZ
Dendrolimus_punctatus	CM022533.1	28.339	4.95	MZ	614.070971	0.806095750127879	MZ
Dendrolimus_punctatus	CM022533.1	51.797	1.45	MZ	614.070971	0.236129058118268	MZ
Dendrolimus_punctatus	CM022533.1	60.841	21.55	MZ	614.070971	3.50936634651632	MZ
Dendrolimus_punctatus	CM022533.1	62.525	1.75	MZ	614.070971	0.284983346004806	MZ
Dendrolimus_punctatus	CM022533.1	53.03	2.95	MZ	614.070971	0.480400497550958	MZ
Dendrolimus_punctatus	CM022533.1	37.434	16.15	MZ	614.070971	2.62998916455863	MZ
Dendrolimus_punctatus	CM022533.1	48.022	15.95	MZ	614.070971	2.59741963930094	MZ
Dendrolimus_punctatus	CM022533.1	54.273	0.75	MZ	614.070971	0.122135719716345	MZ
Dendrolimus_punctatus	CM022533.1	38.253	9.95	MZ	614.070971	1.62033388157018	MZ
Dendrolimus_punctatus	CM022533.1	34.525	9.75	MZ	614.070971	1.58776435631249	MZ
Dendrolimus_punctatus	CM022533.1	41.219	17.55	MZ	614.070971	2.85797584136248	MZ
Dendrolimus_punctatus	CM022533.1	45.587	17.75	MZ	614.070971	2.89054536662017	MZ
Dendrolimus_punctatus	CM022533.1	45.745	4.85	MZ	614.070971	0.789810987499033	MZ
Dendrolimus_punctatus	CM022533.1	40.866	15.35	MZ	614.070971	2.49971106352787	MZ
Dendrolimus_punctatus	CM022533.1	43.719	13.45	MZ	614.070971	2.19030057357979	MZ
Dendrolimus_punctatus	CM022533.1	43.501	12.95	MZ	614.070971	2.10887676043556	MZ
Dendrolimus_punctatus	CM022533.1	44.563	13.55	MZ	614.070971	2.20658533620864	MZ
Dendrolimus_punctatus	CM022533.1	54.457	3.05	MZ	614.070971	0.496685260179804	MZ
Dendrolimus_punctatus	CM022533.1	29.058	14.05	MZ	614.070971	2.28800914935287	MZ
Dendrolimus_punctatus	CM022533.1	66.094	1.85	MZ	614.070971	0.301268108633652	MZ
Dendrolimus_punctatus	CM022533.1	58.237	2.75	MZ	614.070971	0.447830972293266	MZ
Dendrolimus_punctatus	CM022533.1	39.001	11.75	MZ	614.070971	1.91345960888941	MZ
Dendrolimus_punctatus	CM022533.1	49.326	21.05	MZ	614.070971	3.42794253337209	MZ
Dendrolimus_punctatus	CM022533.1	29.161	15.15	MZ	614.070971	2.46714153827017	MZ
Dendrolimus_punctatus	CM022533.1	40.069	10.85	MZ	614.070971	1.7668967452298	MZ
Dendrolimus_punctatus	CM022533.1	40.007	10.95	MZ	614.070971	1.78318150785864	MZ
Dendrolimus_punctatus	CM022533.1	39.392	4.55	MZ	614.070971	0.740956699612495	MZ
Dendrolimus_punctatus	CM022533.1	38.517	4.45	MZ	614.070971	0.724671936983649	MZ
Dendrolimus_punctatus	CM022533.1	49.082	21.45	MZ	614.070971	3.49308158388748	MZ
Dendrolimus_punctatus	CM022533.1	25.981	20.55	MZ	614.070971	3.34651872022786	MZ
Dendrolimus_punctatus	CM022533.1	39.005	12.85	MZ	614.070971	2.09259199780672	MZ
Dendrolimus_punctatus	CM022533.1	35.946	15.75	MZ	614.070971	2.56485011404325	MZ
Dendrolimus_punctatus	CM022533.1	47.629	0.15	MZ	614.070971	0.0244271439432691	MZ
Dendrolimus_punctatus	CM022533.1	64.805	0.65	MZ	614.070971	0.105850957087499	MZ
Dendrolimus_punctatus	CM022533.1	52.155	3.35	MZ	614.070971	0.545539548066342	MZ
Dendrolimus_punctatus	CM022533.1	49.262	0.55	MZ	614.070971	0.0895661944586532	MZ
Dendrolimus_punctatus	CM022533.1	51.871	21.35	MZ	614.070971	3.47679682125863	MZ
Dendrolimus_punctatus	CM022533.1	42.661	17.45	MZ	614.070971	2.84169107873363	MZ
Dendrolimus_punctatus	CM022533.1	34.593	17.65	MZ	614.070971	2.87426060399133	MZ
Dendrolimus_punctatus	CM022533.1	42.674	21.25	MZ	614.070971	3.46051205862978	MZ
Dendrolimus_punctatus	CM022533.1	46.182	20.95	MZ	614.070971	3.41165777074325	MZ
Dendrolimus_punctatus	CM022533.1	44.651	8.35	MZ	614.070971	1.35977767950864	MZ
Dendrolimus_punctatus	CM022533.1	42.808	13.35	MZ	614.070971	2.17401581095095	MZ
Dendrolimus_punctatus	CM022533.1	39.125	13.05	MZ	614.070971	2.12516152306441	MZ
Dendrolimus_punctatus	CM022533.1	31.066	15.85	MZ	614.070971	2.5811348766721	MZ
Dendrolimus_punctatus	CM022533.1	28.683	15.55	MZ	614.070971	2.53228058878556	MZ
Dendrolimus_punctatus	CM022533.1	38.675	15.65	MZ	614.070971	2.54856535141441	MZ
Dendrolimus_punctatus	CM022533.1	42.535	9.45	MZ	614.070971	1.53891006842595	MZ
Dendrolimus_punctatus	CM022533.1	57.929	2.85	MZ	614.070971	0.464115734922112	MZ
Dendrolimus_punctatus	CM022533.1	59.668	22.05	MZ	614.070971	3.59079015966055	MZ
Dendrolimus_punctatus	CM022533.1	32.234	8.45	MZ	614.070971	1.37606244213749	MZ
Dendrolimus_punctatus	CM022533.1	51.538	1.35	MZ	614.070971	0.219844295489422	MZ
Dendrolimus_punctatus	CM022533.1	31.496	20.65	MZ	614.070971	3.36280348285671	MZ
Dendrolimus_punctatus	CM022533.1	35.259	17.25	MZ	614.070971	2.80912155347594	MZ
Dendrolimus_punctatus	CM022533.1	39.593	16.65	MZ	614.070971	2.71141297770287	MZ
Dendrolimus_punctatus	CM022533.1	40.007	13.25	MZ	614.070971	2.1577310483221	MZ
Dendrolimus_punctatus	CM022533.1	43.294	20.85	MZ	614.070971	3.3953730081144	MZ
Dendrolimus_punctatus	CM022533.1	38.028	8.85	MZ	614.070971	1.44120149265287	MZ
Dendrolimus_punctatus	CM022533.1	39.298	14.15	MZ	614.070971	2.30429391198171	MZ
Dendrolimus_punctatus	CM022533.1	35.581	9.25	MZ	614.070971	1.50634054316826	MZ
Dendrolimus_punctatus	CM022533.1	36.713	9.65	MZ	614.070971	1.57147959368364	MZ
Dendrolimus_punctatus	CM022533.1	37.52	9.35	MZ	614.070971	1.5226253057971	MZ
Dendrolimus_punctatus	CM022533.1	37.37	16.55	MZ	614.070971	2.69512821507402	MZ
Dendrolimus_punctatus	CM022533.1	44.209	17.35	MZ	614.070971	2.82540631610479	MZ
Dendrolimus_punctatus	CM022533.1	39.552	8.55	MZ	614.070971	1.39234720476634	MZ
Dendrolimus_punctatus	CM022533.1	60.274	4.25	MZ	614.070971	0.692102411725957	MZ
Dendrolimus_punctatus	CM022533.1	48.901	20.75	MZ	614.070971	3.37908824548555	MZ
Dendrolimus_punctatus	CM022533.1	44.122	2.05	MZ	614.070971	0.333837633891344	MZ
Dendrolimus_punctatus	CM022533.1	41.898	2.45	MZ	614.070971	0.398976684406728	MZ
Dendrolimus_punctatus	CM022533.1	37.318	20.45	MZ	614.070971	3.33023395759901	MZ
Dendrolimus_punctatus	CM022533.1	49.008	16.75	MZ	614.070971	2.72769774033171	MZ
Dendrolimus_punctatus	CM022533.1	39.97	8.75	MZ	614.070971	1.42491673002403	MZ
Dendrolimus_punctatus	CM022533.1	43.993	0.35	MZ	614.070971	0.0569966692009611	MZ
Dendrolimus_punctatus	CM022533.1	33.193	15.45	MZ	614.070971	2.51599582615671	MZ
Dendrolimus_punctatus	CM022533.1	42.931	0.45	MZ	614.070971	0.0732814318298072	MZ
Dendrolimus_punctatus	CM022533.1	43.588	22.25	MZ	614.070971	3.62335968491824	MZ
Dendrolimus_punctatus	CM022533.1	30.956	16.05	MZ	614.070971	2.61370440192979	MZ
Dendrolimus_punctatus	CM022533.1	37.168	8.25	MZ	614.070971	1.3434929168798	MZ
Dendrolimus_punctatus	CM022533.1	55.642	2.35	MZ	614.070971	0.382691921777882	MZ
Dendrolimus_punctatus	CM022533.1	50.676	3.55	MZ	614.070971	0.578109073324034	MZ
Dendrolimus_punctatus	CM022533.1	39.197	16.45	MZ	614.070971	2.67884345244517	MZ
Dendrolimus_punctatus	CM022533.1	41.525	1.95	MZ	614.070971	0.317552871262498	MZ
Dendrolimus_punctatus	CM022533.1	62.066	0.25	MZ	614.070971	0.0407119065721151	MZ
Dendrolimus_punctatus	CM022533.1	32.212	3.65	MZ	614.070971	0.59439383595288	MZ
Dendrolimus_punctatus	CM022533.1	60.673	2.25	MZ	614.070971	0.366407159149036	MZ
Dendrolimus_punctatus	CM022533.1	44.852	13.95	MZ	614.070971	2.27172438672402	MZ
Dendrolimus_punctatus	CM022533.1	47.326	4.35	MZ	614.070971	0.708387174354803	MZ
Dendrolimus_punctatus	CM022533.1	55.025	21.85	MZ	614.070971	3.55822063440286	MZ
Dendrolimus_punctatus	CM022533.1	55.251	3.85	MZ	614.070971	0.626963361210573	MZ
Dendrolimus_punctatus	CM022533.1	54.541	22.15	MZ	614.070971	3.6070749222894	MZ
Dendrolimus_punctatus	CM022533.1	45.285	3.75	MZ	614.070971	0.610678598581726	MZ
Dendrolimus_punctatus	CM022533.1	57.292	4.15	MZ	614.070971	0.675817649097111	MZ
Dendrolimus_punctatus	CM022533.1	27.047	13.15	MZ	614.070971	2.14144628569325	MZ
Dendrolimus_punctatus	CM022533.1	49.398	0.05	MZ	614.070971	0.00814238131442302	MZ
Dendrolimus_punctatus	CM022533.1	55.494	2.55	MZ	614.070971	0.415261447035574	MZ
Dendrolimus_punctatus	CM022533.1	33.89	13.85	MZ	614.070971	2.25543962409518	MZ
Dendrolimus_punctatus	CM022533.1	46.221	9.15	MZ	614.070971	1.49005578053941	MZ
Dendrolimus_punctatus	CM022533.1	46.007	16.85	MZ	614.070971	2.74398250296056	MZ
Dendrolimus_punctatus	CM022533.1	36.675	9.05	MZ	614.070971	1.47377101791057	MZ
Dendrolimus_punctatus	CM022533.1	54.239	2.15	MZ	614.070971	0.35012239652019	MZ
Dendrolimus_punctatus	CM022533.1	62.453	3.95	MZ	614.070971	0.643248123839419	MZ
Dendrolimus_punctatus	CM022533.1	53.199	3.15	MZ	614.070971	0.51297002280865	MZ
Dendrolimus_punctatus	CM022533.1	38.191	13.65	MZ	614.070971	2.22287009883748	MZ
Dendrolimus_punctatus	CM022533.1	61.433	21.95	MZ	614.070971	3.57450539703171	MZ
Dendrolimus_punctatus	CM022533.1	37.289	8.95	MZ	614.070971	1.45748625528172	MZ
Dendrolimus_punctatus	CM022533.1	59.372	21.65	MZ	614.070971	3.52565110914517	MZ
Dendrolimus_punctatus	CM022533.1	41.419	13.75	MZ	614.070971	2.23915486146633	MZ
Dendrolimus_punctatus	CM022533.1	50.549	17.15	MZ	614.070971	2.7928367908471	MZ
Dendrolimus_punctatus	CM022533.1	42.992	16.95	MZ	614.070971	2.7602672655894	MZ
Dendrolimus_punctatus	CM022533.1	55.888	4.05	MZ	614.070971	0.659532886468265	MZ
Dendrolimus_punctatus	CM022533.1	27.069	17.05	MZ	614.070971	2.77655202821825	MZ
Dendrolimus_punctatus	CM022533.1	58.212	21.75	MZ	614.070971	3.54193587177401	MZ
Dendrolimus_punctatus	CM022533.1	41.315	8.65	MZ	614.070971	1.40863196739518	MZ
