species	chr	length	assigned_merian	repeat_density	genome_repeat_density	cds_density	synteny	genome_synteny	gc	gc123	gc3_per	genome_gc3_per	num_single_copy_genes	num_multi_copy_genes	num_other_genes	superfamily	genome_size	status	merians	prop_length	length_mb	prop_single_copy	total_orthologs	scaled_gc3	feature_column	feature_mult	cds_density_scale_factor	prop_single_copy_scale_factor	gc_scale_factor	scaled_cds_density	scaled_ortholog_prop	scaled_gc	scaled_repeat_density	start	stop	tempvar
Anthocharis_cardamines	FR989963.1	12348000	M4	36.60944	4039.2260873988	5.60968	96.8181818181818	88.6585330933625	0.341467768059605	0.468654097291198	0.490268638818447	0.515548889109126	223	27	211	Papilionoidea	359616706	ancestral	M4	3.43365583244067	12.348	48.3731019522777	461	0.950964397703652	0.341467768059605	4216444	5.33789776676529	38.2603044289149	0.345208009310335	1.05091559357447	1.26431565755447	0.989165253557695	0.00906347879714155	0	12348000	Pierini
Anthocharis_cardamines	FR989969.1	10657640	M13	38.88777	4039.2260873988	4.92931	96.3636363636364	88.6585330933625	0.342861740497896	0.476637321332099	0.519497791488678	0.515548889109126	154	49	156	Papilionoidea	359616706	ancestral	M13	2.96361092857572	10.65764	42.8969359331476	359	1.00765960796924	0.342861740497896	3654097	5.33789776676529	38.2603044289149	0.345208009310335	0.923455303076572	1.12118647704038	0.993203318726219	0.00962752991750535	0	10657640	Pierini
Anthocharis_cardamines	FR989966.1	11841443	M15	37.27069	4039.2260873988	5.38792	95.1612903225807	88.6585330933625	0.342829061711482	0.473215286141424	0.5138301731035	0.515548889109126	198	43	214	Papilionoidea	359616706	ancestral	M15	3.29279557996952	11.841443	43.5164835164835	455	0.996666240502243	0.342829061711482	4059590.793	5.33789776676529	38.2603044289149	0.345208009310335	1.00937114860951	1.13737943714834	0.993108654681549	0.00922718589986177	0	11841443	Pierini
Anthocharis_cardamines	FR989954.1	13910641	M3	33.08443	4039.2260873988	6.77877	95.1672862453532	88.6585330933625	0.342474797602785	0.470585321451139	0.499729101660929	0.515548889109126	283	38	228	Papilionoidea	359616706	ancestral	M3	3.86818542295418	13.910641	51.5482695810565	549	0.969314670669674	0.342474797602785	4764043.961	5.33789776676529	38.2603044289149	0.345208009310335	1.26993252703449	1.34730421909814	0.992082420935103	0.00819078439387529	0	13910641	Pierini
Anthocharis_cardamines	FR989952.1	14433021	M2	33.76495	4039.2260873988	6.36402	93.3566433566434	88.6585330933625	0.341038179810034	0.477775416806595	0.508477491046492	0.515548889109126	257	60	261	Papilionoidea	359616706	ancestral	M2	4.01344563786756	14.433021	44.4636678200692	578	0.986283748812158	0.341038179810034	4922211.211	5.33789776676529	38.2603044289149	0.345208009310335	1.19223339937747	1.1621357562034	0.987920820526061	0.00835926221246609	0	14433021	Pierini
Anthocharis_cardamines	FR989972.1	9081691	M24	46.83276	4039.2260873988	4.39353	94.1176470588235	88.6585330933625	0.35097163490808	0.480367093763532	0.551712131417416	0.515548889109126	106	17	155	Papilionoidea	359616706	ancestral	M24	2.52538073133899	9.081691	38.1294964028777	278	1.07014512701362	0.35097163490808	3187415.938	5.33789776676529	38.2603044289149	0.345208009310335	0.823082455298209	0.996581103365755	1.01669609465105	0.0115944883962065	0	9081691	Pierini
Anthocharis_cardamines	FR989979.1	6819085	M25	50.02752	4039.2260873988	5.1816	71.0144927536232	88.6585330933625	0.349755511186618	0.480017551633104	0.544322684205551	0.515548889109126	77	19	166	Papilionoidea	359616706	ancestral	M25	1.89620918222859	6.819085	29.3893129770992	262	1.05581196217132	0.349755511186618	2385012.56	5.33789776676529	38.2603044289149	0.345208009310335	0.970719228131639	0.76814111690362	1.01317322238661	0.0123854220876794	0	6819085	Pierini
Anthocharis_cardamines	FR989970.1	10341171	M14	42.02294	4039.2260873988	6.37443	88.6792452830189	88.6585330933625	0.348279183179545	0.481043585588843	0.533737904362198	0.515548889109126	167	86	191	Papilionoidea	359616706	ancestral	M14	2.87560917706643	10.341171	37.6126126126126	444	1.03528087371986	0.348279183179545	3601614.589	5.33789776676529	38.2603044289149	0.345208009310335	1.19418360533024	0.98307144111972	1.00889658926323	0.0104037107828896	0	10341171	Pierini
Anthocharis_cardamines	FR989962.1	12507586	M12	36.00816	4039.2260873988	5.11598	89.010989010989	88.6585330933625	0.339140934149883	0.471850188736005	0.516099973610293	0.515548889109126	157	37	212	Papilionoidea	359616706	ancestral	M12	3.47803252499621	12.507586	38.6699507389163	406	1.00106892772501	0.339140934149883	4241834.4	5.33789776676529	38.2603044289149	0.345208009310335	0.958425999061468	1.01070682306677	0.982424871391099	0.00891461859793759	0	12507586	Pierini
Anthocharis_cardamines	FR989953.1	14375608	M17+M20	37.99188	4039.2260873988	6.98769	95.4861111111111	88.6585330933625	0.343587199094466	0.472812703601921	0.50561648860954	0.515548889109126	255	40	313	Papilionoidea	359616706	fusion	M17,M20	3.9974805842307	14.375608	41.9407894736842	608	0.980734318879537	0.343587199094466	4939274.888	5.33789776676529	38.2603044289149	0.345208009310335	1.30907153065138	1.09619591636045	0.99530483021206	0.00940573247893292	0	14375608	Pierini
Anthocharis_cardamines	FR989968.1	11579173	M11	39.23069	4039.2260873988	6.11696	91.2568306010929	88.6585330933625	0.348852575481859	0.484466979854218	0.538821079468959	0.515548889109126	175	46	229	Papilionoidea	359616706	ancestral	M11	3.21986515276073	11.579173	38.8888888888889	450	1.04514060810032	0.348852575481859	4039424.323	5.33789776676529	38.2603044289149	0.345208009310335	1.14594926079051	1.01642915469065	1.01055759447414	0.00971242736879431	0	11579173	Pierini
Anthocharis_cardamines	FR989956.1	13699786	M9	36.14636	4039.2260873988	5.21423	93.75	88.6585330933625	0.338612007953993	0.459387752708464	0.492903282858479	0.515548889109126	185	82	222	Papilionoidea	359616706	ancestral	M9	3.80955216246266	13.699786	37.8323108384458	489	0.956074764723519	0.338612007953993	4638912.046	5.33789776676529	38.2603044289149	0.345208009310335	0.976832121526331	0.988813638656109	0.980892675782582	0.0089488330729409	0	13699786	Pierini
Anthocharis_cardamines	FR989957.1	13475133	M8	34.52965	4039.2260873988	5.39864	92.822966507177	88.6585330933625	0.338736265831291	0.462981715236315	0.497811181732345	0.515548889109126	198	39	215	Papilionoidea	359616706	ancestral	M8	3.74708203906411	13.475133	43.8053097345133	452	0.965594519256104	0.338736265831291	4564516.234	5.33789776676529	38.2603044289149	0.345208009310335	1.01137942985962	1.14492841571349	0.981252626519375	0.00854858065700319	0	13475133	Pierini
Anthocharis_cardamines	FR989958.1	13274196	M5	36.28395	4039.2260873988	5.67802	89.5927601809955	88.6585330933625	0.340844987975166	0.458600249160805	0.488880645489405	0.515548889109126	207	42	221	Papilionoidea	359616706	ancestral	M5	3.69120671496279	13.274196	44.0425531914894	470	0.948272134451102	0.340844987975166	4524443.176	5.33789776676529	38.2603044289149	0.345208009310335	1.06371838654393	1.15112918856455	0.987361181613702	0.0089828965289156	0	13274196	Pierini
Anthocharis_cardamines	FR989959.1	12760991	M18	35.41836	4039.2260873988	4.34958	93.5064935064935	88.6585330933625	0.339982025847366	0.482544269231766	0.529305120715974	0.515548889109126	147	45	212	Papilionoidea	359616706	ancestral	M18	3.54849782757312	12.760991	36.3861386138614	404	1.02668269081254	0.339982025847366	4338507.572	5.33789776676529	38.2603044289149	0.345208009310335	0.814848876852095	0.951015397210558	0.984861349325556	0.00876860052733739	0	12760991	Pierini
Anthocharis_cardamines	FR989977.1	7807994	M27	49.30764	4039.2260873988	3.97047	85.2459016393443	88.6585330933625	0.34542772445778	0.44122135392132	0.470344124956727	0.515548889109126	63	17	122	Papilionoidea	359616706	ancestral	M27	2.17119890976366	7.807994	31.1881188118812	202	0.912317211602349	0.34542772445778	2697097.6	5.33789776676529	38.2603044289149	0.345208009310335	0.743826534993019	0.815156054751907	1.00063647175477	0.0122071998281615	0	7807994	Pierini
Anthocharis_cardamines	FR989967.1	11782930	M22	39.62711	4039.2260873988	4.57451	91.6666666666667	88.6585330933625	0.344116967511476	0.49151909594842	0.556684992442686	0.515548889109126	130	58	183	Papilionoidea	359616706	ancestral	M22	3.27652464510367	11.78293	35.0404312668464	371	1.07979088734852	0.344116967511476	4054706.14	5.33789776676529	38.2603044289149	0.345208009310335	0.856987188567327	0.91584298112288	0.996839465570227	0.00981056993160769	0	11782930	Pierini
Anthocharis_cardamines	FR989974.1	8766567	M26	48.04896	4039.2260873988	3.80895	82.4324324324324	88.6585330933625	0.348208150123076	0.470860487390437	0.523673500238777	0.515548889109126	73	40	123	Papilionoidea	359616706	ancestral	M26	2.43775298915062	8.766567	30.9322033898305	236	1.01575914777683	0.348208150123076	3052590.078	5.33789776676529	38.2603044289149	0.345208009310335	0.713567431679791	0.808467257423434	1.00869082040922	0.0118955856791227	0	8766567	Pierini
Anthocharis_cardamines	FR989973.1	8971329	M19	46.53891	4039.2260873988	6.05387	83.5820895522388	88.6585330933625	0.350938735052521	0.485594535250128	0.547281750652568	0.515548889109126	123	43	195	Papilionoidea	359616706	ancestral	M19	2.49469194570733	8.971329	34.0720221606648	361	1.06155160492786	0.350938735052521	3148386.851	5.33789776676529	38.2603044289149	0.345208009310335	1.13413000108254	0.890531914715116	1.01660079021236	0.0115217393116933	0	8971329	Pierini
Anthocharis_cardamines	FR989964.1	12168265	M21	37.85663	4039.2260873988	4.66619	94.0789473684211	88.6585330933625	0.341347695830096	0.459395165288249	0.507910784395933	0.515548889109126	163	42	170	Papilionoidea	359616706	ancestral	M21	3.38367622999138	12.168265	43.4666666666667	375	0.985184519112452	0.341347695830096	4153609.22	5.33789776676529	38.2603044289149	0.345208009310335	0.874162489407822	1.13607738661423	0.988817427822861	0.0093722483418548	0	12168265	Pierini
Anthocharis_cardamines	FR989950.1	17367467	M29,M6	41.19272	4039.2260873988	5.96682	NA	88.6585330933625	0.343527977338319	0.475185353336961	0.527590964498134	0.515548889109126	251	59	332	Papilionoidea	359616706	fusion	M29,M6	4.82943831869702	17.367467	39.0965732087227	642	1.02335777584511	0.343527977338319	5966210.81	5.33789776676529	38.2603044289149	0.345208009310335	1.11782208290884	1.02185734777311	0.99513327638205	0.0101981714092482	0	17367467	Pierini
Anthocharis_cardamines	FR989978.1	7019132	M31	52.78396	4039.2260873988	5.75389	52.3809523809524	88.6585330933625	0.359935959033111	0.447750831528329	0.512184012346202	0.515548889109126	76	47	178	Papilionoidea	359616706	ancestral	M31	1.95183702060827	7.019132	25.2491694352159	301	0.993473214986966	0.359935959033111	2526438.008	5.33789776676529	38.2603044289149	0.345208009310335	1.07793184721985	0.659931221460279	1.04266398613462	0.0130678399420796	0	7019132	Pierini
Anthocharis_cardamines	FR989975.1	8733365	M28	42.37716	4039.2260873988	4.68436	84.6153846153846	88.6585330933625	0.348676364150588	0.483604802435358	0.532007006671734	0.515548889109126	54	30	90	Papilionoidea	359616706	ancestral	M28	2.42852038136404	8.733365	31.0344827586207	174	1.03192348564856	0.348676364150588	3045117.955	5.33789776676529	38.2603044289149	0.345208009310335	0.877566451190891	0.811140507684163	1.01004714475537	0.0104914057997903	0	8733365	Pierini
Anthocharis_cardamines	FR989960.1	12719581	M7	39.20028	4039.2260873988	6.20682	93.1818181818182	88.6585330933625	0.342192100274372	0.484869395205054	0.534570676746069	0.515548889109126	199	59	267	Papilionoidea	359616706	ancestral	M7	3.53698278967051	12.719581	37.9047619047619	525	1.03689618586864	0.342192100274372	4352540.137	5.33789776676529	38.2603044289149	0.345208009310335	1.16278360343369	0.990707274041335	0.991263502136037	0.00970489869886051	0	12719581	Pierini
Anthocharis_cardamines	FR989976.1	8384805	M30	53.05342	4039.2260873988	4.82894	65.9090909090909	88.6585330933625	0.36941521895858	0.483366038189971	0.547227292566878	0.515548889109126	63	54	204	Papilionoidea	359616706	ancestral	M30	2.33159496210946	8.384805	19.6261682242991	321	1.06144597365439	0.36941521895858	3097474.575	5.33789776676529	38.2603044289149	0.345208009310335	0.90465202051374	0.512964246292477	1.07012354579086	0.0131345507411707	0	8384805	Pierini
Anthocharis_cardamines	FR989965.1	11878973	M10	38.16683	4039.2260873988	5.72725	94.1489361702128	88.6585330933625	0.34239349571718	0.478587441631554	0.531934204972539	0.515548889109126	170	63	238	Papilionoidea	359616706	ancestral	M10	3.3032316913553	11.878973	36.0934182590234	471	1.0317822736302	0.34239349571718	4067283.091	5.33789776676529	38.2603044289149	0.345208009310335	1.07294111844159	0.943364638566389	0.991846905294064	0.00944904523147871	0	11878973	Pierini
Anthocharis_cardamines	FR989955.1	13890356	M1	31.43947	4039.2260873988	7.3203	92.9032258064516	88.6585330933625	0.341761003965629	0.468720659982694	0.499902082663631	0.515548889109126	297	53	263	Papilionoidea	359616706	ancestral	M1	3.86254469501759	13.890356	48.4502446982055	613	0.969650198504873	0.341761003965629	4747182.012	5.33789776676529	38.2603044289149	0.345208009310335	1.37138257790876	1.26633191819534	0.990014700552306	0.00778353806390832	0	13890356	Pierini
Anthocharis_cardamines	FR989971.1	10069377	M23	41.96631	4039.2260873988	4.215	95.4545454545455	88.6585330933625	0.34809363796787	0.489455638541692	0.543672051902221	0.515548889109126	114	21	127	Papilionoidea	359616706	ancestral	M23	2.80003037456219	10.069377	43.5114503816794	262	1.05454994354016	0.34809363796787	3505086.072	5.33789776676529	38.2603044289149	0.345208009310335	0.789636704217782	1.1372478873638	1.0083591011208	0.010389690770448	0	10069377	Pierini
Anthocharis_cardamines	FR989961.1	12697406	M16	35.99808	4039.2260873988	4.46702	95.2941176470588	88.6585330933625	0.338006261908928	0.460745167159583	0.496691286183638	0.515548889109126	161	42	165	Papilionoidea	359616706	ancestral	M16	3.53081650216773	12.697406	43.75	368	0.963422279974119	0.338006261908928	4291802.738	5.33789776676529	38.2603044289149	0.345208009310335	0.836850047562257	1.14348279902698	0.979137948114836	0.00891212307038308	0	12697406	Pierini
Aporia_crataegi	OU538745.1	8832262	M10,M14,M2,M5	16.62761	1729.99421236187	9.40545	NA	60.4694640631492	0.324838956770078	0.449965136813885	0.460285315772487	0.447453390062131	227	68	213	Papilionoidea	229694036	fusion	M10,M14,M2,M5	3.84522913777352	8.832262	44.6850393700787	508	1.02867768128558	0.324838956770078	2869062.774	7.81025961771619	44.6902931809432	0.324148662906511	1.20424293946201	0.999882439552519	1.00212955949711	0.0096113674145182	0	8832262	Pierini
Aporia_crataegi	OU538744.1	9365229	M15,M4,M5	15.63666	1729.99421236187	8.64618	NA	60.4694640631492	0.324113799993572	0.43764209387378	0.442369763805091	0.447453390062131	253	39	200	Papilionoidea	229694036	fusion	M15,M4,M5	4.07726258943876	9.365229	51.4227642276423	492	0.98863875798028	0.324113799993572	3035399.959	7.81025961771619	44.6902931809432	0.324148662906511	1.1070285013814	1.15064727858107	0.999892447765706	0.00903856203001515	0	9365229	Pierini
Aporia_crataegi	OU538754.1	3034294	M25	46.88857	1729.99421236187	5.04035	NA	60.4694640631492	0.337818502755501	0.433721082242762	0.467414467286444	0.447453390062131	33	10	58	Papilionoidea	229694036	split	M25	1.32101557917681	3.034294	32.6732673267327	101	1.04461040561463	0.337818502755501	1025040.656	7.81025961771619	44.6902931809432	0.324148662906511	0.645349866292134	0.731104340587884	1.04217151391716	0.0271033103260995	0	3034294	Pierini
Aporia_crataegi	OU538749.1	8364946	M20,M21,M27	17.77991	1729.99421236187	7.17846	NA	60.4694640631492	0.323380568386216	0.456822838999613	0.47124435866283	0.447453390062131	147	36	165	Papilionoidea	229694036	fusion	M20,M21,M27	3.6417776210785	8.364946	42.2413793103448	348	1.0531697136039	0.323380568386216	2705060.992	7.81025961771619	44.6902931809432	0.324148662906511	0.919106451175699	0.945202555268924	0.997630425146881	0.010277439006993	0	8364946	Pierini
Aporia_crataegi	OU538737.1	9757128	M16,M19,M3	15.8928	1729.99421236187	7.66851	NA	60.4694640631492	0.32396169200609	0.442011332600451	0.446330167249703	0.447453390062131	227	46	177	Papilionoidea	229694036	fusion	M16,M19,M3	4.24788042820581	9.757128	50.4444444444444	450	0.997489743429428	0.32396169200609	3160935.696	7.81025961771619	44.6902931809432	0.324148662906511	0.98185084431833	1.12875617620595	0.999423193979132	0.00918662032880582	0	9757128	Pierini
Aporia_crataegi	OU538733.1	10558410	M10,M19,M2,M23	14.63486	1729.99421236187	8.40636	NA	60.4694640631492	0.32320468706936	0.447475760880494	0.449175472788981	0.447453390062131	259	34	248	Papilionoidea	229694036	fusion	M10,M19,M2,M23	4.59672797076891	10.55841	47.8743068391867	541	1.00384863041625	0.32320468706936	3412527.6	7.81025961771619	44.6902931809432	0.324148662906511	1.07632273592182	1.07124620206343	0.99708783053835	0.00845948494822983	0	10558410	Pierini
Aporia_crataegi	OU538731.1	11064054	M10,M12,M21,M26	12.90227	1729.99421236187	7.92317	NA	60.4694640631492	0.319246524827156	0.43441400064026	0.438475744844205	0.447453390062131	235	93	223	Papilionoidea	229694036	fusion	M10,M12,M21,M26	4.81686603303884	11.064054	42.6497277676951	551	0.979936133198858	0.319246524827156	3532160.79	7.81025961771619	44.6902931809432	0.324148662906511	1.01445667465748	0.954339851721577	0.984876883231913	0.00745798448792796	0	11064054	Pierini
Aporia_crataegi	OU538736.1	9977466	M1,M17,M18,M22	15.71955	1729.99421236187	7.30156	NA	60.4694640631492	0.324785716132733	0.438111826539385	0.444465708837389	0.447453390062131	206	55	194	Papilionoidea	229694036	fusion	M1,M17,M18,M22	4.34380716789704	9.977466	45.2747252747253	455	0.993322921915224	0.324785716132733	3240538.44	7.81025961771619	44.6902931809432	0.324148662906511	0.934867771032566	1.01307738330147	1.00196531190507	0.00908647548510517	0	9977466	Pierini
Aporia_crataegi	OU538742.1	9420423	M12,M26,M9	15.67159	1729.99421236187	7.59627	NA	60.4694640631492	0.320891462198672	0.437311061538078	0.438834034689619	0.447453390062131	204	40	205	Papilionoidea	229694036	fusion	M12,M26,M9	4.1012919464744	9.420423	45.43429844098	449	0.980736864299284	0.320891462198672	3022933.311	7.81025961771619	44.6902931809432	0.324148662906511	0.972601471885672	1.01664802817526	0.989951522000328	0.00905875284900772	0	9420423	Pierini
Aporia_crataegi	OU538750.1	6599438	M29,M31	27.47975	1729.99421236187	9.49901	NA	60.4694640631492	0.332086233100455	0.431430747857177	0.452089550805769	0.447453390062131	122	54	197	Papilionoidea	229694036	fusion	M29,M31	2.87314294917087	6.599438	32.7077747989276	373	1.01036121492564	0.332086233100455	2191582.506	7.81025961771619	44.6902931809432	0.324148662906511	1.2162220547001	0.73187648750702	1.02448743771691	0.0158843016951388	0	6599438	Pierini
Aporia_crataegi	OU538748.1	8733215	M16,M18,M20	18.26086	1729.99421236187	7.83124	NA	60.4694640631492	0.325326148503157	0.450292175217276	0.458871533784668	0.447453390062131	195	31	194	Papilionoidea	229694036	fusion	M16,M18,M20	3.80210786143355	8.733215	46.4285714285714	420	1.02551806283321	0.325326148503157	2841143.2	7.81025961771619	44.6902931809432	0.324148662906511	1.00268625926803	1.03889610302153	1.00363254806017	0.0105554457173989	0	8733215	Pierini
Aporia_crataegi	OU538753.1	3397079	M17	45.31405	1729.99421236187	4.07959	NA	60.4694640631492	0.334559707913769	0.437379486519896	0.455745464393572	0.447453390062131	26	25	42	Papilionoidea	229694036	split	M17	1.47895829563463	3.397079	27.9569892473118	93	1.01853170523591	0.334559707913769	1136525.758	7.81025961771619	44.6902931809432	0.324148662906511	0.522337310112736	0.625571846980705	1.03211811800767	0.0261931801136693	0	3397079	Pierini
Aporia_crataegi	OU538734.1	10372526	M12,M24,M7,M9	14.2037	1729.99421236187	7.17122	NA	60.4694640631492	0.320285296175686	0.447144254306049	0.454309080161619	0.447453390062131	206	62	193	Papilionoidea	229694036	fusion	M12,M24,M7,M9	4.51580118519055	10.372526	44.6854663774403	461	1.01532157371416	0.320285296175686	3322167.562	7.81025961771619	44.6902931809432	0.324148662906511	0.918179465344962	0.999891994364788	0.988081497248256	0.00821025868092842	0	10372526	Pierini
Aporia_crataegi	OU538729.1	12847094	M1,M18,M3,M4,M5	12.575	1729.99421236187	9.02256	NA	60.4694640631492	0.324038340343738	0.434031831975009	0.426051738787546	0.447453390062131	374	59	285	Papilionoidea	229694036	fusion	M1,M18,M3,M4,M5	5.59313346734	12.847094	52.0891364902507	718	0.952170099165829	0.324038340343738	4162951.018	7.81025961771619	44.6902931809432	0.324148662906511	1.15521896090802	1.16555817343491	0.999659654425894	0.00726881044464998	0	12847094	Pierini
Aporia_crataegi	OU538740.1	9508212	M13,M7,M8	15.2674	1729.99421236187	7.48669	NA	60.4694640631492	0.321062435713465	0.436742389309305	0.437918938542481	0.447453390062131	188	60	193	Papilionoidea	229694036	fusion	M13,M7,M8	4.13951192010924	9.508212	42.6303854875283	441	0.978691743695748	0.321062435713465	3052729.704	7.81025961771619	44.6902931809432	0.324148662906511	0.958571208442004	0.953907044532588	0.99047897601868	0.0088251162292365	0	9508212	Pierini
Aporia_crataegi	OU538746.1	8785823	M1,M28,M7	15.31858	1729.99421236187	8.07688	NA	60.4694640631492	0.324437875541085	0.459082939460268	0.46925909270542	0.447453390062131	150	38	144	Papilionoidea	229694036	fusion	M1,M28,M7	3.82501137295528	8.785823	45.1807228915663	332	1.04873290297401	0.324437875541085	2850453.749	7.81025961771619	44.6902931809432	0.324148662906511	1.03413719842027	1.01097396494217	1.00089222220441	0.00885470014323708	0	8785823	Pierini
Aporia_crataegi	OU538735.1	10345717	M22,M23,M8	14.01508	1729.99421236187	6.94632	NA	60.4694640631492	0.321236966273096	0.44668924475802	0.452186273128241	0.447453390062131	198	40	185	Papilionoidea	229694036	fusion	M22,M23,M8	4.50412957174038	10.345717	46.8085106382979	423	1.01057737670834	0.321236966273096	3323426.743	7.81025961771619	44.6902931809432	0.324148662906511	0.889384007702318	1.04739770779257	0.991017403535444	0.00810122941444175	0	10345717	Pierini
Aporia_crataegi	OU538747.1	8738702	M13,M25,M6,M7	15.90527	1729.99421236187	7.31348	NA	60.4694640631492	0.321274970813743	0.449781679429192	0.450754264463653	0.447453390062131	198	32	181	Papilionoidea	229694036	fusion	M13,M25,M6,M7	3.80449669141605	8.738702	48.1751824817518	411	1.00737702400928	0.321274970813743	2807526.23	7.81025961771619	44.6902931809432	0.324148662906511	0.936393968698641	1.07797866276462	0.991134647704543	0.0091938284454058	0	8738702	Pierini
Aporia_crataegi	OU538741.1	9469082	M2,M4,M7,M9	15.13288	1729.99421236187	7.15719	NA	60.4694640631492	0.322425079854626	0.448740154756192	0.447465621660016	0.447453390062131	205	39	166	Papilionoidea	229694036	fusion	M2,M4,M7,M9	4.12247621440201	9.469082	50	410	1.00002733602685	0.322425079854626	3053069.52	7.81025961771619	44.6902931809432	0.324148662906511	0.916383110206116	1.11881118786934	0.994682738974054	0.00874735874366877	0	9469082	Pierini
Aporia_crataegi	OU538738.1	9636729	M15,M18,M6	15.16705	1729.99421236187	8.0095	NA	60.4694640631492	0.322208344449657	0.448527711609222	0.454078912754436	0.447453390062131	238	39	208	Papilionoidea	229694036	fusion	M15,M18,M6	4.19546330754535	9.636729	49.0721649484536	485	1.01480717956207	0.322208344449657	3105034.497	7.81025961771619	44.6902931809432	0.324148662906511	1.025510084432	1.09804974314599	0.994014109330405	0.00876711025483327	0	9636729	Pierini
Aporia_crataegi	OU538743.1	9394100	M17,M23,M3,M5	14.9147	1729.99421236187	9.82131	NA	60.4694640631492	0.325661180954003	0.438914004655515	0.433191998284878	0.447453390062131	234	28	219	Papilionoidea	229694036	fusion	M17,M23,M3,M5	4.08983191884007	9.3941	48.6486486486487	481	0.968127648389763	0.325661180954003	3059293.7	7.81025961771619	44.6902931809432	0.324148662906511	1.25748828857393	1.08857304765665	1.00466612459212	0.00862124271481678	0	9394100	Pierini
Aporia_crataegi	OU538730.1	11893382	M11,M14,M15,M24,M6	14.56414	1729.99421236187	8.63193	NA	60.4694640631492	0.32395554586576	0.450833026402103	0.454303296570048	0.447453390062131	298	69	289	Papilionoidea	229694036	fusion	M11,M14,M15,M24,M6	5.17792373155044	11.893382	45.4268292682927	656	1.01530864814091	0.32395554586576	3852927.058	7.81025961771619	44.6902931809432	0.324148662906511	1.10520397816482	1.01648089629592	0.999404233110142	0.00841860619875503	0	11893382	Pierini
Aporia_crataegi	OU538752.1	4580398	M30	37.4767	1729.99421236187	8.05642	57.5	60.4694640631492	0.341181109152523	0.446235386238508	0.480442608879556	0.447453390062131	64	49	144	Papilionoidea	229694036	ancestral	M30	1.99413013927797	4.580398	24.9027237354086	257	1.07372660382089	0.341181109152523	1562745.27	7.81025961771619	44.6902931809432	0.324148662906511	1.03151756719142	0.557228918471888	1.05254516891506	0.0216629048422277	0	4580398	Pierini
Aporia_crataegi	OU538739.1	9626953	M11,M2,M8	14.82544	1729.99421236187	8.86987	NA	60.4694640631492	0.32506086370215	0.439309044396974	0.436716201485224	0.447453390062131	243	57	202	Papilionoidea	229694036	fusion	M11,M2,M8	4.19120721096999	9.626953	48.406374501992	502	0.976003783152885	0.32506086370215	3129345.657	7.81025961771619	44.6902931809432	0.324148662906511	1.13566903459653	1.08315186714043	1.0028141433238	0.00856964716648362	0	9626953	Pierini
Pieris_brassicae	LR989944.1	11234761	M25,M29,M5,M7	26.40259	3038.79557954379	7.25242	NA	50	0.340838506577933	0.436427437560552	0.441615240301562	0.442656069309351	158	54	272	Papilionoidea	292341157	fusion	M25,M29,M5,M7	3.84303090105099	11.234761	32.6446280991736	484	0.997648673360759	0.340838506577933	3829239.161	6.9068600634756	36.2694911411736	0.341281958489341	1.05003140838943	0.900057515891503	0.998700628907043	0.00868850480688267	0	11234761	Pierini
Pieris_brassicae	LR989945.1	6322985	M17,M23	42.12124	3038.79557954379	6.15284	NA	50	0.352125529318826	0.445158875755825	0.458573893521217	0.442656069309351	94	14	118	Papilionoidea	292341157	fusion	M17,M23	2.16287883132377	6.322985	41.5929203539823	226	1.03595980110857	0.352125529318826	2226484.44	6.9068600634756	36.2694911411736	0.341281958489341	0.890830267799552	1.14677430108098	1.0317730561483	0.0138611627197127	0	6322985	Pierini
Pieris_brassicae	LR989946.1	5837911	M30	40.00321	3038.79557954379	6.92857	53.4883720930233	50	0.359703432443557	0.458208301962839	0.484134729393645	0.442656069309351	63	34	186	Papilionoidea	292341157	ancestral	M30	1.99695145901061	5.837911	22.2614840989399	283	1.09370403561621	0.359703432443557	2099916.625	6.9068600634756	36.2694911411736	0.341281958489341	1.00314324256245	0.613779884925609	1.05397728621741	0.0131641661812624	0	5837911	Pierini
Pieris_brassicae	LR989938.1	21549451	M1,M18,M23,M4,M7,M8,M9	26.51948	3038.79557954379	6.76274	NA	50	0.336553390153652	0.443757127490104	0.446355570430367	0.442656069309351	384	82	421	Papilionoidea	292341157	fusion	M1,M18,M23,M4,M7,M8,M9	7.37133670166052	21.549451	43.2919954904171	887	1.00835750682644	0.336553390153652	7252540.79	6.9068600634756	36.2694911411736	0.341281958489341	0.979133779727531	1.19362015093924	0.986144687059872	0.00872697070461757	0	21549451	Pierini
Pieris_brassicae	LR989939.1	21291167	M10,M14,M15,M16	24.32825	3038.79557954379	7.34185	NA	50	0.33599236890115	0.438311337038651	0.439400717484471	0.442656069309351	416	113	457	Papilionoidea	292341157	fusion	M10,M14,M15,M16	7.28298650059731	21.291167	42.1906693711968	986	0.992645866507695	0.33599236890115	7153669.637	6.9068600634756	36.2694911411736	0.341281958489341	1.06297940489987	1.16325506765385	0.984500822687479	0.008005885675157	0	21291167	Pierini
Pieris_brassicae	LR989940.1	19444379	M17,M18,M19,M2,M21,M5,M9	26.63761	3038.79557954379	6.33924	NA	50	0.337367731980538	0.442240365513456	0.448032202624123	0.442656069309351	275	94	375	Papilionoidea	292341157	fusion	M17,M18,M19,M2,M21,M5,M9	6.65126292840115	19.444379	36.9623655913978	744	1.01214517022925	0.337367731980538	6559906.043	6.9068600634756	36.2694911411736	0.341281958489341	0.917817929093822	1.01910350623689	0.988530813272025	0.00876584465875757	0	19444379	Pierini
Pieris_brassicae	LR989937.1	21879550	M12,M26,M28,M3,M8	25.51788	3038.79557954379	6.70131	NA	50	0.335450196644812	0.438611340845489	0.432654925320976	0.442656069309351	316	92	421	Papilionoidea	292341157	fusion	M12,M26,M28,M3,M8	7.48425237983169	21.87955	38.1182147165259	829	0.977406513359279	0.335450196644812	7339499.35	6.9068600634756	36.2694911411736	0.341281958489341	0.970239723754854	1.05097186415317	0.98291218829632	0.00839736643418146	0	21879550	Pierini
Pieris_brassicae	LR989932.1	23587467	M12,M13,M15,M20,M21,M23,M24	22.71719	3038.79557954379	7.28249	NA	50	0.335111201173064	0.44683129577487	0.451270206052843	0.442656069309351	432	101	527	Papilionoidea	292341157	fusion	M12,M13,M15,M20,M21,M23,M24	8.06847289039087	23.587467	40.7547169811321	1060	1.01946011212934	0.335111201173064	7904424.399	6.9068600634756	36.2694911411736	0.341281958489341	1.05438505095981	1.12366387558349	0.98191888799633	0.00747572168161786	0	23587467	Pierini
Pieris_brassicae	LR989933.1	23112875	M11,M16,M24,M27,M3,M5	22.94998	3038.79557954379	7.4303	NA	50	0.335383487558341	0.439020588989391	0.441534464348469	0.442656069309351	462	77	521	Papilionoidea	292341157	fusion	M11,M16,M24,M27,M3,M5	7.90613105495782	23.112875	43.5849056603774	1060	0.997466193194567	0.335383487558341	7751676.625	6.9068600634756	36.2694911411736	0.341281958489341	1.0757855134915	1.20169608916567	0.982716722099495	0.00755232769011908	0	23112875	Pierini
Pieris_brassicae	LR989934.1	23069255	M1,M17,M19,M20,M22,M9	24.2124	3038.79557954379	7.96905	NA	50	0.337245453743521	0.444634038325407	0.438659894399124	0.442656069309351	442	104	535	Papilionoidea	292341157	fusion	M1,M17,M19,M20,M22,M9	7.89121013159293	23.069255	40.8880666049954	1081	0.990972280315816	0.337245453743521	7780001.37	6.9068600634756	36.2694911411736	0.341281958489341	1.15378767294583	1.12734050902023	0.988172522322343	0.00796776201827798	0	23069255	Pierini
Pieris_brassicae	LR989936.1	22819118	M13,M14,M4,M6	23.39656	3038.79557954379	7.83644	NA	50	0.335883806113803	0.440702288554315	0.437505248735694	0.442656069309351	461	127	550	Papilionoidea	292341157	fusion	M13,M14,M4,M6	7.80564674306191	22.819118	40.5096660808436	1138	0.988363831582172	0.335883806113803	7664572.206	6.9068600634756	36.2694911411736	0.341281958489341	1.13458792099179	1.11690748356975	0.984182719768041	0.00769928722994671	0	22819118	Pierini
Pieris_brassicae	LR989935.1	22868737	M1,M17,M18,M3,M4,M5,M7,M9	22.58493	3038.79557954379	7.94931	NA	50	0.335940111734199	0.445946922308145	0.443204858483386	0.442656069309351	444	125	528	Papilionoidea	292341157	fusion	M1,M17,M18,M3,M4,M5,M7,M9	7.8226197209721	22.868737	40.4740200546946	1097	1.00123976425962	0.335940111734199	7682526.063	6.9068600634756	36.2694911411736	0.341281958489341	1.15092964486671	1.1159246733613	0.984347702472208	0.00743219785892629	0	22868737	Pierini
Pieris_brassicae	LR989942.1	14789073	M10,M11,M2	22.91875	3038.79557954379	8.29811	NA	50	0.337092784044003	0.443024890590247	0.438487821308933	0.442656069309351	290	75	399	Papilionoidea	292341157	fusion	M10,M11,M2	5.05884055182829	14.789073	37.9581151832461	764	0.990583551679474	0.337092784044003	4985289.791	6.9068600634756	36.2694911411736	0.341281958489341	1.20143016128002	1.04655769874189	0.987725180481614	0.00754205059211018	0	14789073	Pierini
Pieris_brassicae	LR989941.1	19010021	M10,M21,M28,M31,M4,M7,M8	26.37891	3038.79557954379	8.29162	NA	50	0.338298831758261	0.431042151995252	0.433123928645345	0.442656069309351	334	106	466	Papilionoidea	292341157	fusion	M10,M21,M28,M31,M4,M7,M8	6.50268378051196	19.010021	36.8653421633554	906	0.978466034185686	0.338298831758261	6431067.896	6.9068600634756	36.2694911411736	0.341281958489341	1.2004905157768	1.01642843622654	0.991259055285884	0.00868071224585639	0	19010021	Pierini
Pieris_napi	HG993168.1	13692484	M12,M26,M3	33.7963	3523.14597889348	6.49901	NA	50	0.338334089855427	0.441042481132054	0.436965162996643	0.444204408895077	NA	NA	NA	Papilionoidea	320004350	fusion	M12,M26,M3	4.27884308447682	13.692484	NA	NA	0.983702894988275	0.338334089855427	4632634.112	6.69091981060092	NA	0.340436850089694	0.971317873172406	NA	0.993823347167873	0.00959264821908245	0	13692484	Pierini
Pieris_napi	HG993182.1	11746736	M17,M18,M21,M9	36.93326	3523.14597889348	4.77966	NA	50	0.337934561566719	0.449210835738735	0.467207033835049	0.444204408895077	NA	NA	NA	Papilionoidea	320004350	fusion	M17,M18,M21,M9	3.67080509999317	11.746736	NA	NA	1.05178387354864	0.337934561566719	3969628.08	6.69091981060092	NA	0.340436850089694	0.714350214215276	NA	0.992649771837816	0.010483034260079	0	11746736	Pierini
Pieris_napi	HG993181.1	12217029	M18,M7,M8	35.2784	3523.14597889348	5.33064	NA	50	0.339207805760304	0.452169649231767	0.456288747342842	0.444204408895077	NA	NA	NA	Papilionoidea	320004350	fusion	M18,M7,M8	3.81776966469362	12.217029	NA	NA	1.02720445408866	0.339207805760304	4144111.6	6.69091981060092	NA	0.340436850089694	0.796697636632003	NA	0.996389802311159	0.0100133233795439	0	12217029	Pierini
Pieris_napi	HG993179.1	12485368	M10,M21,M28,M4,M7	31.67631	3523.14597889348	7.23812	NA	50	0.335801922378259	0.443756562083124	0.442072379217262	0.444204408895077	NA	NA	NA	Papilionoidea	320004350	fusion	M10,M21,M28,M4,M7	3.90162446229247	12.485368	NA	NA	0.995200341025163	0.335801922378259	4192610.576	6.69091981060092	NA	0.340436850089694	1.08178250597655	NA	0.98638535249573	0.00899091612716788	0	12485368	Pierini
Pieris_napi	HG993180.1	12385186	M26,M28,M8	39.49032	3523.14597889348	5.25678	NA	50	0.343362743684269	0.446785813161524	0.461207524209216	0.444204408895077	NA	NA	NA	Papilionoidea	320004350	fusion	M26,M28,M8	3.87031801286451	12.385186	NA	NA	1.03827768246703	0.343362743684269	4252611.446	6.69091981060092	NA	0.340436850089694	0.785658795621985	NA	1.00859452669065	0.0112088230906637	0	12385186	Pierini
Pieris_napi	HG993177.1	12725774	M25,M29,M5,M7	35.20052	3523.14597889348	6.69327	NA	50	0.339736231682254	0.433371522668515	0.441110331641939	0.444204408895077	NA	NA	NA	Papilionoidea	320004350	fusion	M25,M29,M5,M7	3.97675031605039	12.725774	NA	NA	0.993034564288016	0.339736231682254	4323406.504	6.69091981060092	NA	0.340436850089694	1.00035125057027	NA	0.997942001850693	0.00999121813597276	0	12725774	Pierini
Pieris_napi	HG993183.1	11574744	M19,M2,M5	38.53148	3523.14597889348	6.17375	NA	50	0.34186035250542	0.43381316945785	0.441987794111406	0.444204408895077	NA	NA	NA	Papilionoidea	320004350	fusion	M19,M2,M5	3.61705833061332	11.574744	NA	NA	0.995009921695319	0.34186035250542	3956946.064	6.69091981060092	NA	0.340436850089694	0.922705722794416	NA	1.00418139932663	0.0109366685998352	0	11574744	Pierini
Pieris_napi	HG993163.1	14341859	M10,M14,M16	31.8952	3523.14597889348	7.43103	NA	50	0.337408782013545	0.431134855926925	0.438209859789771	0.444204408895077	NA	NA	NA	Papilionoidea	320004350	fusion	M10,M14,M16	4.48177001343888	14.341859	NA	NA	0.986504976120751	0.337408782013545	4839069.177	6.69091981060092	NA	0.340436850089694	1.11061411739332	NA	0.991105345748114	0.00905304525872	0	14341859	Pierini
Pieris_napi	HG993162.1	15058180	M10,M11,M2	28.97688	3523.14597889348	8.6532	NA	50	0.337423558491132	0.432238038761848	0.423563832405395	0.444204408895077	NA	NA	NA	Papilionoidea	320004350	fusion	M10,M11,M2	4.70561728301506	15.05818	NA	NA	0.953533607329508	0.337423558491132	5080984.68	6.69091981060092	NA	0.340436850089694	1.29327510192098	NA	0.991148750207952	0.00822471738996772	0	15058180	Pierini
Pieris_napi	HG993170.1	13495568	M18,M3,M4,M7	32.62666	3523.14597889348	7.05243	NA	50	0.338362036484867	0.448016701349907	0.455479921510903	0.444204408895077	NA	NA	NA	Papilionoidea	320004350	fusion	M18,M3,M4,M7	4.21730767097385	13.495568	NA	NA	1.02538361256673	0.338362036484867	4566387.872	6.69091981060092	NA	0.340436850089694	1.05402996891792	NA	0.993905437662578	0.00926066083990285	0	13495568	Pierini
Pieris_napi	HG993164.1	14174661	M1,M17,M5,M7,M9	35.83957	3523.14597889348	6.66815	NA	50	0.341803552409472	0.448655442802432	0.451894856468694	0.444204408895077	NA	NA	NA	Papilionoidea	320004350	fusion	M1,M17,M5,M7,M9	4.42952134869417	14.174661	NA	NA	1.0173128573684	0.341803552409472	4844949.484	6.69091981060092	NA	0.340436850089694	0.996596908759115	NA	1.0040145545919	0.0101726043186142	0	14174661	Pierini
Pieris_napi	HG993176.1	12842219	M11,M24,M3	31.23631	3523.14597889348	7.25328	NA	50	0.338064527244085	0.439878824430821	0.445572172163233	0.444204408895077	NA	NA	NA	Papilionoidea	320004350	fusion	M11,M24,M3	4.0131388838933	12.842219	NA	NA	1.00307913033002	0.338064527244085	4341498.695	6.69091981060092	NA	0.340436850089694	1.08404826321608	NA	0.993031533322599	0.00886602774541022	0	12842219	Pierini
Pieris_napi	HG993178.1	12513307	M1,M23,M4,M9	35.1151	3523.14597889348	6.83794	NA	50	0.341580578339523	0.434156765748582	0.433031491991856	0.444204408895077	NA	NA	NA	Papilionoidea	320004350	fusion	M1,M23,M4,M9	3.9103552811079	12.513307	NA	NA	0.974847352526256	0.341580578339523	4274302.642	6.69091981060092	NA	0.340436850089694	1.02197309092931	NA	1.00335959003712	0.0099669727596779	0	12513307	Pierini
Pieris_napi	HG993175.1	12867602	M30	51.43959	3523.14597889348	5.6069	50	50	0.357573323141328	0.431726543265689	0.448805649900582	0.444204408895077	NA	NA	NA	Papilionoidea	320004350	ancestral	M30	4.02107096356659	12.867602	NA	NA	1.01035838661969	0.357573323141328	4601111.208	6.69091981060092	NA	0.340436850089694	0.83798642917773	NA	1.05033671603741	0.0146004708031303	0	12867602	Pierini
Pieris_napi	HG993169.1	13512582	M4,M6	31.24319	3523.14597889348	6.8396	NA	50	0.339456523705092	0.445059867975491	0.445533128629618	0.444204408895077	NA	NA	NA	Papilionoidea	320004350	fusion	M4,M6	4.22262447369856	13.512582	NA	NA	1.00299123490882	0.339456523705092	4586934.112	6.69091981060092	NA	0.340436850089694	1.02222118835792	NA	0.997120386984124	0.00886798054556134	0	13512582	Pierini
Pieris_napi	HG993167.1	13820269	M19,M22	32.93408	3523.14597889348	6.98361	NA	50	0.338195358426091	0.44480333153179	0.452155725225952	0.444204408895077	NA	NA	NA	Papilionoidea	320004350	fusion	M19,M22	4.31877535414753	13.820269	NA	NA	1.01790012924602	0.338195358426091	4673950.828	6.69091981060092	NA	0.340436850089694	1.04374438757065	NA	0.993415837142741	0.00934791808153907	0	13820269	Pierini
Pieris_napi	HG993166.1	13841415	M12,M15,M20,M24	31.10754	3523.14597889348	7.03213	NA	50	0.337067870951055	0.446602229766639	0.454192865185188	0.444204408895077	NA	NA	NA	Papilionoidea	320004350	fusion	M12,M15,M20,M24	4.32538338931955	13.841415	NA	NA	1.02248617098366	0.337067870951055	4665496.285	6.69091981060092	NA	0.340436850089694	1.05099600638741	NA	0.9901039527955	0.00882947802513992	0	13841415	Pierini
Pieris_napi	HG993173.1	12982002	M1,M17,M20,M9	34.14369	3523.14597889348	7.36397	NA	50	0.340365139367564	0.436128523565911	0.429787365422194	0.444204408895077	NA	NA	NA	Papilionoidea	320004350	fusion	M1,M17,M20,M9	4.05682047759663	12.982002	NA	NA	0.967544123416639	0.340365139367564	4418620.92	6.69091981060092	NA	0.340436850089694	1.10059157910288	NA	0.999789356757029	0.00969125043485243	0	12982002	Pierini
Pieris_napi	HG993184.1	10922705	M15	38.9578	3523.14597889348	5.71251	NA	50	0.341702163063087	0.441056843470448	0.462125741822929	0.444204408895077	NA	NA	NA	Papilionoidea	320004350	split	M15	3.4132989129679	10.922705	NA	NA	1.04034478850048	0.341702163063087	3732311.925	6.69091981060092	NA	0.340436850089694	0.853770507150489	NA	1.0037167332886	0.0110576740882691	0	10922705	Pierini
Pieris_napi	HG993171.1	13392396	M16,M27,M5	31.701	3523.14597889348	6.53609	NA	50	0.334798650219124	0.427881614871992	0.43853834279754	0.444204408895077	NA	NA	NA	Papilionoidea	320004350	fusion	M16,M27,M5	4.18506685924738	13.392396	NA	NA	0.987244462269901	0.334798650219124	4483756.104	6.69091981060092	NA	0.340436850089694	0.976859712119758	NA	0.983438338508054	0.00899792406840787	0	13392396	Pierini
Pieris_napi	HG993172.1	13204264	M13,M21,M23	30.69175	3523.14597889348	6.16951	NA	50	0.336325652380171	0.431479698424818	0.432430307724425	0.444204408895077	NA	NA	NA	Papilionoidea	320004350	fusion	M13,M21,M23	4.12627640843007	13.204264	NA	NA	0.973493956982689	0.336325652380171	4440932.704	6.69091981060092	NA	0.340436850089694	0.922072028157502	NA	0.987923758228757	0.00871146134275124	0	13204264	Pierini
Pieris_napi	HG993174.1	12949724	M13,M14,M6	33.57943	3523.14597889348	7.40598	NA	50	0.339060157575559	0.434801990868496	0.429648238751131	0.444204408895077	NA	NA	NA	Papilionoidea	320004350	fusion	M13,M14,M6	4.04673373971323	12.949724	NA	NA	0.967230919251446	0.339060157575559	4390735.46	6.69091981060092	NA	0.340436850089694	1.10687023752193	NA	0.995956100187826	0.00953109243873749	0	12949724	Pierini
Pieris_napi	HG993186.1	7949140	M17,M23	56.86459	3523.14597889348	5.05923	NA	50	0.353561585278407	0.453301423757097	0.462103011047373	0.444204408895077	NA	NA	NA	Papilionoidea	320004350	fusion	M17,M23	2.4840724821397	7.94914	NA	NA	1.04029361661857	0.353561585278407	2810510.54	6.69091981060092	NA	0.340436850089694	0.756133707055387	NA	1.03855262785229	0.0161402877827559	0	7949140	Pierini
Pieris_napi	HG993185.1	10418282	M31,M8	44.33864	3523.14597889348	7.41869	NA	50	0.345788537111973	0.430609300774404	0.441847693932496	0.444204408895077	NA	NA	NA	Papilionoidea	320004350	fusion	M31,M8	3.25566886825132	10.418282	NA	NA	0.994694525953844	0.345788537111973	3602522.492	6.69091981060092	NA	0.340436850089694	1.10876982686985	NA	1.015720057981	0.012584956815762	0	10418282	Pierini
Pieris_rapae	LR990598.1	10179501	M1,M23,M4,M9	22.64792	2299.81004868647	8.09624	NA	43.1818181818182	0.331883010178986	0.437138020478738	0.442047369905668	0.443172524968846	211	50	220	Papilionoidea	256370197	fusion	M1,M23,M4,M9	3.97062572760749	10.179501	43.8669438669439	481	0.997461135337176	0.331883010178986	3378403.434	7.99917425643843	37.7541687195875	0.332252975017217	1.0121344704403	1.16190993881386	0.998886496537129	0.00984773503921998	0	10179501	Pierini
Pieris_rapae	LR990597.1	10324270	M25,M29,M5,M7	23.54032	2299.81004868647	7.99359	NA	43.1818181818182	0.330796382698244	0.433080002625064	0.439571685187301	0.443172524968846	154	54	285	Papilionoidea	256370197	fusion	M25,M29,M5,M7	4.02709445981352	10.32427	31.237322515213	493	0.991874857806679	0.330796382698244	3415231.17	7.99917425643843	37.7541687195875	0.332252975017217	0.999301895888324	0.827387374020145	0.995616014216585	0.0102357670858273	0	10324270	Pierini
Pieris_rapae	LR990590.1	10995054	M18,M3,M4,M7	20.47866	2299.81004868647	8.17237	NA	43.1818181818182	0.329909442918607	0.441655904343404	0.446029848945982	0.443172524968846	230	58	281	Papilionoidea	256370197	fusion	M18,M3,M4,M7	4.28874109731249	10.995054	40.4217926186292	569	1.006447430326	0.329909442918607	3627372.14	7.99917425643843	37.7541687195875	0.332252975017217	1.02165170278947	1.07065773104038	0.992946542921132	0.00890450061808205	0	10995054	Pierini
Pieris_rapae	LR990605.1	5389141	M17,M23	40.78979	2299.81004868647	7.25928	NA	43.1818181818182	0.346370274594782	0.436368335985293	0.451665887801193	0.443172524968846	93	21	108	Papilionoidea	256370197	fusion	M17,M23	2.10209340362601	5.389141	41.8918918918919	222	1.01916491288115	0.346370274594782	1866638.248	7.99917425643843	37.7541687195875	0.332252975017217	0.907503670664144	1.10959645815636	1.04248961074565	0.0177361560896288	0	5389141	Pierini
Pieris_rapae	LR990596.1	10419195	M13,M14,M6	20.74565	2299.81004868647	8.51019	NA	43.1818181818182	0.329435816778552	0.441334080475751	0.435925541499779	0.443172524968846	211	83	267	Papilionoidea	256370197	fusion	M13,M14,M6	4.06412099453198	10.419195	37.6114081996435	561	0.983647489271641	0.329435816778552	3432456.015	7.99917425643843	37.7541687195875	0.332252975017217	1.06388356187518	0.996218681942004	0.991521044353269	0.00902059281454518	0	10419195	Pierini
Pieris_rapae	LR990599.1	9910546	M18,M7,M8	23.20412	2299.81004868647	6.56214	NA	43.1818181818182	0.330557907707608	0.449931401797774	0.45465055727664	0.443172524968846	162	46	197	Papilionoidea	256370197	fusion	M18,M7,M8	3.86571688752106	9.910546	40	405	1.02589969292117	0.330557907707608	3276009.35	7.99917425643843	37.7541687195875	0.332252975017217	0.820352175065847	1.05948565036865	0.994898262959055	0.0100895810996447	0	9910546	Pierini
Pieris_rapae	LR990603.1	8441140	M15	24.16456	2299.81004868647	6.92542	NA	43.1818181818182	0.330996256429819	0.44428414382065	0.455771150327198	0.443172524968846	158	39	172	Papilionoidea	256370197	split	M15	3.29255900209025	8.44114	42.8184281842818	369	1.02842826359607	0.330996256429819	2793985.74	7.99917425643843	37.7541687195875	0.332252975017217	0.865766862676584	1.13413775581468	0.996217585147783	0.010507198198304	0	8441140	Pierini
Pieris_rapae	LR990585.1	11709868	M10,M14,M16	19.64189	2299.81004868647	8.85065	NA	43.1818181818182	0.328457606866277	0.434108266049242	0.436470521320104	0.443172524968846	250	85	313	Papilionoidea	256370197	fusion	M10,M14,M16	4.56756211799455	11.709868	38.5802469135802	648	0.98487721311421	0.328457606866277	3846195.22	7.99917425643843	37.7541687195875	0.332252975017217	1.10644545502634	1.02188044981544	0.988576872334271	0.00854065752570234	0	11709868	Pierini
Pieris_rapae	LR990593.1	10651053	M11,M24,M3	19.9803	2299.81004868647	8.363	NA	43.1818181818182	0.331829079716344	0.446592884839215	0.458049451731007	0.443172524968846	238	52	243	Papilionoidea	256370197	fusion	M11,M24,M3	4.15455974393155	10.651053	44.6529080675422	533	1.0335691540517	0.331829079716344	3534329.115	7.99917425643843	37.7541687195875	0.332252975017217	1.04548291259798	1.18272788361979	0.998724179066112	0.0086878044608126	0	10651053	Pierini
Pieris_rapae	LR990587.1	11344803	M19,M22	21.33722	2299.81004868647	8.19331	NA	43.1818181818182	0.330194238895114	0.436025041046266	0.438744386767122	0.443172524968846	204	58	291	Papilionoidea	256370197	fusion	M19,M22	4.42516452097589	11.344803	36.8896925858951	553	0.990008094021544	0.330194238895114	3745988.592	7.99917425643843	37.7541687195875	0.332252975017217	1.02426947299033	0.977102498531669	0.993803708990125	0.0092778184059969	0	11344803	Pierini
Pieris_rapae	LR990592.1	10887355	M1,M17,M5,M7,M9	20.02151	2299.81004868647	8.50262	NA	43.1818181818182	0.329862118944408	0.440676569641442	0.441162993767398	0.443172524968846	195	74	252	Papilionoidea	256370197	fusion	M1,M17,M5,M7,M9	4.24673192414795	10.887355	37.4280230326296	521	0.995465578102819	0.329862118944408	3591325.99	7.99917425643843	37.7541687195875	0.332252975017217	1.06293721419512	0.991361333118461	0.992804109360692	0.00870572333199222	0	10887355	Pierini
Pieris_rapae	LR990591.1	10903787	M16,M27,M5	19.68378	2299.81004868647	7.71324	NA	43.1818181818182	0.327144914973119	0.434389904184607	0.431856054500084	0.443172524968846	207	32	277	Papilionoidea	256370197	fusion	M16,M27,M5	4.25314140551212	10.903787	40.1162790697674	516	0.974464864513978	0.327144914973119	3567118.471	7.99917425643843	37.7541687195875	0.332252975017217	0.964254528371064	1.06256555051507	0.984625991554076	0.00855887207347507	0	10903787	Pierini
Pieris_rapae	LR990582.1	12960541	M10,M11,M2	19.16703	2299.81004868647	9.55109	NA	43.1818181818182	0.331885559406818	0.433233910880807	0.426656665741722	0.443172524968846	296	69	338	Papilionoidea	256370197	fusion	M10,M11,M2	5.05540080386177	12.960541	42.1052631578947	703	0.962732664376509	0.331885559406818	4301416.4	7.99917425643843	37.7541687195875	0.332252975017217	1.19400949320643	1.11524805301963	0.998894169087937	0.00833417960363603	0	12960541	Pierini
Pieris_rapae	LR990584.1	11917745	M12,M15,M20,M24	21.61188	2299.81004868647	8.04016	NA	43.1818181818182	0.33073178818644	0.450578147200891	0.460942860404925	0.443172524968846	220	61	324	Papilionoidea	256370197	fusion	M12,M15,M20,M24	4.64864681599476	11.917745	36.3636363636364	605	1.04009800796502	0.33073178818644	3941577.115	7.99917425643843	37.7541687195875	0.332252975017217	1.00512374680781	0.963168773062412	0.995421600571978	0.00939724566050293	0	11917745	Pierini
Pieris_rapae	LR990586.1	11405383	M4,M6	22.08107	2299.81004868647	7.87187	NA	43.1818181818182	0.334293239779848	0.447142111724361	0.438795375710046	0.443172524968846	232	48	278	Papilionoidea	256370197	fusion	M4,M6	4.44879441271405	11.405383	41.5770609318996	558	0.990123148407931	0.334293239779848	3812742.434	7.99917425643843	37.7541687195875	0.332252975017217	0.984085325265171	1.10125748604627	1.00614069674628	0.00960125816156491	0	11405383	Pierini
Pieris_rapae	LR990600.1	9383040	M26,M28,M8	23.51262	2299.81004868647	6.53338	NA	43.1818181818182	0.330182286337903	0.432326126979135	0.441745396106828	0.443172524968846	104	54	177	Papilionoidea	256370197	fusion	M26,M28,M8	3.65995740136674	9.38304	31.044776119403	335	0.996779744272011	0.330182286337903	3098113.6	7.99917425643843	37.7541687195875	0.332252975017217	0.816756803959029	0.822287370435372	0.993767734723199	0.0102237226128432	0	9383040	Pierini
Pieris_rapae	LR990601.1	9221942	M17,M18,M21,M9	23.1642	2299.81004868647	5.92673	NA	43.1818181818182	0.328305647552327	0.428618087823902	0.446466864482174	0.443172524968846	125	48	159	Papilionoidea	256370197	fusion	M17,M18,M21,M9	3.59711936407335	9.221942	37.6506024096386	332	1.00743353734205	0.328305647552327	3027615.64	7.99917425643843	37.7541687195875	0.332252975017217	0.740917726005237	0.997256824518687	0.988119512053472	0.010072223144355	0	9221942	Pierini
Pieris_rapae	LR990588.1	11079889	M13,M21,M23	19.77411	2299.81004868647	7.15006	NA	43.1818181818182	0.328379327446331	0.436910437689931	0.437639246616321	0.443172524968846	206	67	235	Papilionoidea	256370197	fusion	M13,M21,M23	4.32183191714753	11.079889	40.5511811023622	508	0.987514392159321	0.328379327446331	3638406.498	7.99917425643843	37.7541687195875	0.332252975017217	0.893849761335679	1.07408486208633	0.988341270471136	0.00859814923032182	0	11079889	Pierini
Pieris_rapae	LR990589.1	10995687	M12,M26,M3	20.44394	2299.81004868647	7.99699	NA	43.1818181818182	0.330921405365577	0.44129182035396	0.438558522969384	0.443172524968846	205	46	232	Papilionoidea	256370197	fusion	M12,M26,M3	4.28898800588744	10.995687	42.4430641821946	483	0.989588700247638	0.330921405365577	3638708.195	7.99917425643843	37.7541687195875	0.332252975017217	0.999726939760479	1.12419543646777	0.995992301794825	0.00888940371909257	0	10995687	Pierini
Pieris_rapae	LR990594.1	10479659	M1,M17,M20,M9	21.82829	2299.81004868647	8.63044	NA	43.1818181818182	0.331688800847432	0.437064038551567	0.430840944137017	0.443172524968846	238	44	264	Papilionoidea	256370197	fusion	M1,M17,M20,M9	4.08770563920111	10.479659	43.5897435897436	546	0.972174311048061	0.331688800847432	3475985.527	7.99917425643843	37.7541687195875	0.332252975017217	1.07891636353008	1.15456769591456	0.998301974061314	0.00949134473626078	0	10479659	Pierini
Pieris_rapae	LR990602.1	8925860	M19,M2,M5	24.0207	2299.81004868647	7.6235	NA	43.1818181818182	0.331554761109854	0.443905707270228	0.448262472247008	0.443172524968846	148	43	208	Papilionoidea	256370197	fusion	M19,M2,M5	3.48162934087069	8.92586	37.0927318295739	399	1.0114852500807	0.331554761109854	2959411.38	7.99917425643843	37.7541687195875	0.332252975017217	0.953035870404241	0.982480427660154	0.997898547312249	0.0104446452061201	0	8925860	Pierini
Pieris_rapae	LR990595.1	10422527	M10,M21,M28,M4,M7	20.35515	2299.81004868647	8.54863	NA	43.1818181818182	0.328482521465284	0.445456673412031	0.451074856616179	0.443172524968846	189	65	230	Papilionoidea	256370197	fusion	M10,M21,M28,M4,M7	4.06542067758367	10.422527	39.0495867768595	484	1.01783127608799	0.328482521465284	3423617.949	7.99917425643843	37.7541687195875	0.332252975017217	1.06868905788861	1.0343119210727	0.988651859169243	0.00885079618276551	0	10422527	Pierini
Pieris_rapae	LR990606.1	5224272	M30	40.43359	2299.81004868647	8.89653	47.6190476190476	43.1818181818182	0.349161498482468	0.452836236426056	0.478898035175083	0.443172524968846	62	70	220	Papilionoidea	256370197	ancestral	M30	2.03778444652831	5.224272	17.6136363636364	352	1.08061309804517	0.349161498482468	1824114.64	7.99917425643843	37.7541687195875	0.332252975017217	1.11218104704236	0.466534874452106	1.05089051035397	0.0175812737330605	0	5224272	Pierini
Pieris_rapae	LR990604.1	7586539	M31,M8	28.17179	2299.81004868647	9.56803	NA	43.1818181818182	0.334464895784494	0.428951578002462	0.428914927837642	0.443172524968846	138	58	253	Papilionoidea	256370197	fusion	M31,M8	2.95921253280466	7.586539	30.7349665924276	449	0.967828336984098	0.334464895784494	2537430.976	7.99917425643843	37.7541687195875	0.332252975017217	1.19612721179299	0.814081401730925	1.00665733923726	0.0122496160133269	0	7586539	Pierini
