BLG	Merian	matches	total_BLG	total_Merian	prop_BLG	prop_Merian
A1axA1b	M1	0	101	65	0	0
A1axA1b	M10	1	101	38	0.99009900990099	2.63157894736842
A1axA1b	M11	27	101	35	26.7326732673267	77.1428571428572
A1axA1b	M12	0	101	30	0	0
A1axA1b	M13	4	101	32	3.96039603960396	12.5
A1axA1b	M14	1	101	23	0.99009900990099	4.34782608695652
A1axA1b	M15	0	101	33	0	0
A1axA1b	M16	7	101	33	6.93069306930693	21.2121212121212
A1axA1b	M17	0	101	27	0	0
A1axA1b	M18	1	101	20	0.99009900990099	5
A1axA1b	M19	0	101	25	0	0
A1axA1b	M2	1	101	47	0.99009900990099	2.12765957446809
A1axA1b	M20	1	101	22	0.99009900990099	4.54545454545455
A1axA1b	M21	17	101	25	16.8316831683168	68
A1axA1b	M22	0	101	31	0	0
A1axA1b	M23	1	101	23	0.99009900990099	4.34782608695652
A1axA1b	M24	0	101	12	0	0
A1axA1b	M25	0	101	9	0	0
A1axA1b	M26	0	101	2	0	0
A1axA1b	M27	6	101	8	5.94059405940594	75
A1axA1b	M28	0	101	10	0	0
A1axA1b	M29	4	101	13	3.96039603960396	30.7692307692308
A1axA1b	M3	3	101	57	2.97029702970297	5.26315789473684
A1axA1b	M30	0	101	5	0	0
A1axA1b	M31	0	101	4	0	0
A1axA1b	M4	0	101	40	0	0
A1axA1b	M5	22	101	46	21.7821782178218	47.8260869565217
A1axA1b	M6	1	101	36	0.99009900990099	2.77777777777778
A1axA1b	M7	0	101	46	0	0
A1axA1b	M8	2	101	38	1.98019801980198	5.26315789473684
A1axA1b	M9	2	101	43	1.98019801980198	4.65116279069767
A1axA1b	MZ	0	101	38	0	0
A2	M1	0	16	65	0	0
A2	M10	0	16	38	0	0
A2	M11	0	16	35	0	0
A2	M12	0	16	30	0	0
A2	M13	1	16	32	6.25	3.125
A2	M14	0	16	23	0	0
A2	M15	0	16	33	0	0
A2	M16	1	16	33	6.25	3.03030303030303
A2	M17	0	16	27	0	0
A2	M18	0	16	20	0	0
A2	M19	0	16	25	0	0
A2	M2	0	16	47	0	0
A2	M20	0	16	22	0	0
A2	M21	4	16	25	25	16
A2	M22	0	16	31	0	0
A2	M23	0	16	23	0	0
A2	M24	0	16	12	0	0
A2	M25	0	16	9	0	0
A2	M26	0	16	2	0	0
A2	M27	2	16	8	12.5	25
A2	M28	0	16	10	0	0
A2	M29	4	16	13	25	30.7692307692308
A2	M3	0	16	57	0	0
A2	M30	0	16	5	0	0
A2	M31	1	16	4	6.25	25
A2	M4	0	16	40	0	0
A2	M5	3	16	46	18.75	6.52173913043478
A2	M6	0	16	36	0	0
A2	M7	0	16	46	0	0
A2	M8	0	16	38	0	0
A2	M9	0	16	43	0	0
A2	MZ	0	16	38	0	0
B1	M1	1	35	65	2.85714285714286	1.53846153846154
B1	M10	0	35	38	0	0
B1	M11	1	35	35	2.85714285714286	2.85714285714286
B1	M12	1	35	30	2.85714285714286	3.33333333333333
B1	M13	1	35	32	2.85714285714286	3.125
B1	M14	0	35	23	0	0
B1	M15	4	35	33	11.4285714285714	12.1212121212121
B1	M16	1	35	33	2.85714285714286	3.03030303030303
B1	M17	1	35	27	2.85714285714286	3.7037037037037
B1	M18	0	35	20	0	0
B1	M19	0	35	25	0	0
B1	M2	0	35	47	0	0
B1	M20	4	35	22	11.4285714285714	18.1818181818182
B1	M21	0	35	25	0	0
B1	M22	0	35	31	0	0
B1	M23	1	35	23	2.85714285714286	4.34782608695652
B1	M24	0	35	12	0	0
B1	M25	0	35	9	0	0
B1	M26	0	35	2	0	0
B1	M27	0	35	8	0	0
B1	M28	1	35	10	2.85714285714286	10
B1	M29	0	35	13	0	0
B1	M3	8	35	57	22.8571428571429	14.0350877192982
B1	M30	0	35	5	0	0
B1	M31	1	35	4	2.85714285714286	25
B1	M4	0	35	40	0	0
B1	M5	0	35	46	0	0
B1	M6	5	35	36	14.2857142857143	13.8888888888889
B1	M7	0	35	46	0	0
B1	M8	0	35	38	0	0
B1	M9	1	35	43	2.85714285714286	2.32558139534884
B1	MZ	4	35	38	11.4285714285714	10.5263157894737
B2	M1	1	30	65	3.33333333333333	1.53846153846154
B2	M10	0	30	38	0	0
B2	M11	1	30	35	3.33333333333333	2.85714285714286
B2	M12	8	30	30	26.6666666666667	26.6666666666667
B2	M13	3	30	32	10	9.375
B2	M14	0	30	23	0	0
B2	M15	0	30	33	0	0
B2	M16	2	30	33	6.66666666666667	6.06060606060606
B2	M17	0	30	27	0	0
B2	M18	2	30	20	6.66666666666667	10
B2	M19	0	30	25	0	0
B2	M2	0	30	47	0	0
B2	M20	0	30	22	0	0
B2	M21	0	30	25	0	0
B2	M22	0	30	31	0	0
B2	M23	0	30	23	0	0
B2	M24	0	30	12	0	0
B2	M25	7	30	9	23.3333333333333	77.7777777777778
B2	M26	1	30	2	3.33333333333333	50
B2	M27	0	30	8	0	0
B2	M28	0	30	10	0	0
B2	M29	0	30	13	0	0
B2	M3	0	30	57	0	0
B2	M30	1	30	5	3.33333333333333	20
B2	M31	0	30	4	0	0
B2	M4	0	30	40	0	0
B2	M5	2	30	46	6.66666666666667	4.34782608695652
B2	M6	0	30	36	0	0
B2	M7	1	30	46	3.33333333333333	2.17391304347826
B2	M8	0	30	38	0	0
B2	M9	0	30	43	0	0
B2	MZ	1	30	38	3.33333333333333	2.63157894736842
B3	M1	7	15	65	46.6666666666667	10.7692307692308
B3	M10	0	15	38	0	0
B3	M11	0	15	35	0	0
B3	M12	0	15	30	0	0
B3	M13	0	15	32	0	0
B3	M14	0	15	23	0	0
B3	M15	0	15	33	0	0
B3	M16	0	15	33	0	0
B3	M17	0	15	27	0	0
B3	M18	0	15	20	0	0
B3	M19	1	15	25	6.66666666666667	4
B3	M2	0	15	47	0	0
B3	M20	0	15	22	0	0
B3	M21	0	15	25	0	0
B3	M22	0	15	31	0	0
B3	M23	0	15	23	0	0
B3	M24	0	15	12	0	0
B3	M25	0	15	9	0	0
B3	M26	0	15	2	0	0
B3	M27	0	15	8	0	0
B3	M28	0	15	10	0	0
B3	M29	0	15	13	0	0
B3	M3	4	15	57	26.6666666666667	7.01754385964912
B3	M30	0	15	5	0	0
B3	M31	0	15	4	0	0
B3	M4	2	15	40	13.3333333333333	5
B3	M5	0	15	46	0	0
B3	M6	0	15	36	0	0
B3	M7	0	15	46	0	0
B3	M8	0	15	38	0	0
B3	M9	0	15	43	0	0
B3	MZ	1	15	38	6.66666666666667	2.63157894736842
C1	M1	0	58	65	0	0
C1	M10	12	58	38	20.6896551724138	31.5789473684211
C1	M11	0	58	35	0	0
C1	M12	0	58	30	0	0
C1	M13	0	58	32	0	0
C1	M14	1	58	23	1.72413793103448	4.34782608695652
C1	M15	0	58	33	0	0
C1	M16	0	58	33	0	0
C1	M17	1	58	27	1.72413793103448	3.7037037037037
C1	M18	0	58	20	0	0
C1	M19	0	58	25	0	0
C1	M2	15	58	47	25.8620689655172	31.9148936170213
C1	M20	0	58	22	0	0
C1	M21	0	58	25	0	0
C1	M22	26	58	31	44.8275862068966	83.8709677419355
C1	M23	1	58	23	1.72413793103448	4.34782608695652
C1	M24	0	58	12	0	0
C1	M25	0	58	9	0	0
C1	M26	1	58	2	1.72413793103448	50
C1	M27	0	58	8	0	0
C1	M28	0	58	10	0	0
C1	M29	0	58	13	0	0
C1	M3	0	58	57	0	0
C1	M30	0	58	5	0	0
C1	M31	0	58	4	0	0
C1	M4	0	58	40	0	0
C1	M5	1	58	46	1.72413793103448	2.17391304347826
C1	M6	0	58	36	0	0
C1	M7	0	58	46	0	0
C1	M8	0	58	38	0	0
C1	M9	0	58	43	0	0
C1	MZ	0	58	38	0	0
C2	M1	0	6	65	0	0
C2	M10	0	6	38	0	0
C2	M11	0	6	35	0	0
C2	M12	2	6	30	33.3333333333333	6.66666666666667
C2	M13	0	6	32	0	0
C2	M14	0	6	23	0	0
C2	M15	0	6	33	0	0
C2	M16	0	6	33	0	0
C2	M17	1	6	27	16.6666666666667	3.7037037037037
C2	M18	1	6	20	16.6666666666667	5
C2	M19	0	6	25	0	0
C2	M2	0	6	47	0	0
C2	M20	0	6	22	0	0
C2	M21	0	6	25	0	0
C2	M22	0	6	31	0	0
C2	M23	0	6	23	0	0
C2	M24	0	6	12	0	0
C2	M25	2	6	9	33.3333333333333	22.2222222222222
C2	M26	0	6	2	0	0
C2	M27	0	6	8	0	0
C2	M28	0	6	10	0	0
C2	M29	0	6	13	0	0
C2	M3	0	6	57	0	0
C2	M30	0	6	5	0	0
C2	M31	0	6	4	0	0
C2	M4	0	6	40	0	0
C2	M5	0	6	46	0	0
C2	M6	0	6	36	0	0
C2	M7	0	6	46	0	0
C2	M8	0	6	38	0	0
C2	M9	0	6	43	0	0
C2	MZ	0	6	38	0	0
D	M1	18	61	65	29.5081967213115	27.6923076923077
D	M10	6	61	38	9.83606557377049	15.7894736842105
D	M11	0	61	35	0	0
D	M12	0	61	30	0	0
D	M13	0	61	32	0	0
D	M14	0	61	23	0	0
D	M15	0	61	33	0	0
D	M16	0	61	33	0	0
D	M17	0	61	27	0	0
D	M18	0	61	20	0	0
D	M19	10	61	25	16.3934426229508	40
D	M2	3	61	47	4.91803278688525	6.38297872340426
D	M20	1	61	22	1.63934426229508	4.54545454545455
D	M21	1	61	25	1.63934426229508	4
D	M22	1	61	31	1.63934426229508	3.2258064516129
D	M23	1	61	23	1.63934426229508	4.34782608695652
D	M24	0	61	12	0	0
D	M25	0	61	9	0	0
D	M26	0	61	2	0	0
D	M27	0	61	8	0	0
D	M28	0	61	10	0	0
D	M29	0	61	13	0	0
D	M3	3	61	57	4.91803278688525	5.26315789473684
D	M30	0	61	5	0	0
D	M31	0	61	4	0	0
D	M4	12	61	40	19.672131147541	30
D	M5	1	61	46	1.63934426229508	2.17391304347826
D	M6	0	61	36	0	0
D	M7	0	61	46	0	0
D	M8	0	61	38	0	0
D	M9	0	61	43	0	0
D	MZ	4	61	38	6.55737704918033	10.5263157894737
EaxEb	M1	3	54	65	5.55555555555556	4.61538461538462
EaxEb	M10	5	54	38	9.25925925925926	13.1578947368421
EaxEb	M11	1	54	35	1.85185185185185	2.85714285714286
EaxEb	M12	1	54	30	1.85185185185185	3.33333333333333
EaxEb	M13	3	54	32	5.55555555555556	9.375
EaxEb	M14	1	54	23	1.85185185185185	4.34782608695652
EaxEb	M15	1	54	33	1.85185185185185	3.03030303030303
EaxEb	M16	2	54	33	3.7037037037037	6.06060606060606
EaxEb	M17	2	54	27	3.7037037037037	7.40740740740741
EaxEb	M18	3	54	20	5.55555555555556	15
EaxEb	M19	0	54	25	0	0
EaxEb	M2	2	54	47	3.7037037037037	4.25531914893617
EaxEb	M20	3	54	22	5.55555555555556	13.6363636363636
EaxEb	M21	0	54	25	0	0
EaxEb	M22	1	54	31	1.85185185185185	3.2258064516129
EaxEb	M23	1	54	23	1.85185185185185	4.34782608695652
EaxEb	M24	0	54	12	0	0
EaxEb	M25	0	54	9	0	0
EaxEb	M26	0	54	2	0	0
EaxEb	M27	0	54	8	0	0
EaxEb	M28	6	54	10	11.1111111111111	60
EaxEb	M29	0	54	13	0	0
EaxEb	M3	2	54	57	3.7037037037037	3.50877192982456
EaxEb	M30	0	54	5	0	0
EaxEb	M31	0	54	4	0	0
EaxEb	M4	2	54	40	3.7037037037037	5
EaxEb	M5	2	54	46	3.7037037037037	4.34782608695652
EaxEb	M6	2	54	36	3.7037037037037	5.55555555555556
EaxEb	M7	2	54	46	3.7037037037037	4.34782608695652
EaxEb	M8	3	54	38	5.55555555555556	7.89473684210526
EaxEb	M9	5	54	43	9.25925925925926	11.6279069767442
EaxEb	MZ	1	54	38	1.85185185185185	2.63157894736842
F	M1	1	69	65	1.44927536231884	1.53846153846154
F	M10	0	69	38	0	0
F	M11	0	69	35	0	0
F	M12	0	69	30	0	0
F	M13	4	69	32	5.79710144927536	12.5
F	M14	1	69	23	1.44927536231884	4.34782608695652
F	M15	1	69	33	1.44927536231884	3.03030303030303
F	M16	3	69	33	4.34782608695652	9.09090909090909
F	M17	1	69	27	1.44927536231884	3.7037037037037
F	M18	1	69	20	1.44927536231884	5
F	M19	1	69	25	1.44927536231884	4
F	M2	0	69	47	0	0
F	M20	3	69	22	4.34782608695652	13.6363636363636
F	M21	0	69	25	0	0
F	M22	0	69	31	0	0
F	M23	11	69	23	15.9420289855072	47.8260869565217
F	M24	0	69	12	0	0
F	M25	0	69	9	0	0
F	M26	0	69	2	0	0
F	M27	0	69	8	0	0
F	M28	0	69	10	0	0
F	M29	1	69	13	1.44927536231884	7.69230769230769
F	M3	0	69	57	0	0
F	M30	0	69	5	0	0
F	M31	2	69	4	2.89855072463768	50
F	M4	2	69	40	2.89855072463768	5
F	M5	8	69	46	11.5942028985507	17.3913043478261
F	M6	0	69	36	0	0
F	M7	1	69	46	1.44927536231884	2.17391304347826
F	M8	19	69	38	27.536231884058	50
F	M9	0	69	43	0	0
F	MZ	9	69	38	13.0434782608696	23.6842105263158
G	M1	1	54	65	1.85185185185185	1.53846153846154
G	M10	1	54	38	1.85185185185185	2.63157894736842
G	M11	0	54	35	0	0
G	M12	0	54	30	0	0
G	M13	0	54	32	0	0
G	M14	18	54	23	33.3333333333333	78.2608695652174
G	M15	0	54	33	0	0
G	M16	0	54	33	0	0
G	M17	0	54	27	0	0
G	M18	0	54	20	0	0
G	M19	0	54	25	0	0
G	M2	0	54	47	0	0
G	M20	1	54	22	1.85185185185185	4.54545454545455
G	M21	0	54	25	0	0
G	M22	1	54	31	1.85185185185185	3.2258064516129
G	M23	0	54	23	0	0
G	M24	0	54	12	0	0
G	M25	0	54	9	0	0
G	M26	0	54	2	0	0
G	M27	0	54	8	0	0
G	M28	0	54	10	0	0
G	M29	0	54	13	0	0
G	M3	14	54	57	25.9259259259259	24.5614035087719
G	M30	0	54	5	0	0
G	M31	0	54	4	0	0
G	M4	2	54	40	3.7037037037037	5
G	M5	0	54	46	0	0
G	M6	16	54	36	29.6296296296296	44.4444444444444
G	M7	0	54	46	0	0
G	M8	0	54	38	0	0
G	M9	0	54	43	0	0
G	MZ	0	54	38	0	0
H	M1	1	67	65	1.49253731343284	1.53846153846154
H	M10	1	67	38	1.49253731343284	2.63157894736842
H	M11	0	67	35	0	0
H	M12	0	67	30	0	0
H	M13	1	67	32	1.49253731343284	3.125
H	M14	0	67	23	0	0
H	M15	3	67	33	4.47761194029851	9.09090909090909
H	M16	0	67	33	0	0
H	M17	0	67	27	0	0
H	M18	0	67	20	0	0
H	M19	0	67	25	0	0
H	M2	0	67	47	0	0
H	M20	0	67	22	0	0
H	M21	0	67	25	0	0
H	M22	0	67	31	0	0
H	M23	0	67	23	0	0
H	M24	0	67	12	0	0
H	M25	0	67	9	0	0
H	M26	0	67	2	0	0
H	M27	0	67	8	0	0
H	M28	0	67	10	0	0
H	M29	0	67	13	0	0
H	M3	8	67	57	11.9402985074627	14.0350877192982
H	M30	0	67	5	0	0
H	M31	0	67	4	0	0
H	M4	13	67	40	19.4029850746269	32.5
H	M5	0	67	46	0	0
H	M6	4	67	36	5.97014925373134	11.1111111111111
H	M7	36	67	46	53.7313432835821	78.2608695652174
H	M8	0	67	38	0	0
H	M9	0	67	43	0	0
H	MZ	0	67	38	0	0
I	M1	1	29	65	3.44827586206897	1.53846153846154
I	M10	2	29	38	6.89655172413793	5.26315789473684
I	M11	0	29	35	0	0
I	M12	1	29	30	3.44827586206897	3.33333333333333
I	M13	2	29	32	6.89655172413793	6.25
I	M14	1	29	23	3.44827586206897	4.34782608695652
I	M15	0	29	33	0	0
I	M16	7	29	33	24.1379310344828	21.2121212121212
I	M17	0	29	27	0	0
I	M18	0	29	20	0	0
I	M19	0	29	25	0	0
I	M2	0	29	47	0	0
I	M20	0	29	22	0	0
I	M21	0	29	25	0	0
I	M22	0	29	31	0	0
I	M23	0	29	23	0	0
I	M24	10	29	12	34.4827586206897	83.3333333333333
I	M25	0	29	9	0	0
I	M26	0	29	2	0	0
I	M27	0	29	8	0	0
I	M28	0	29	10	0	0
I	M29	0	29	13	0	0
I	M3	0	29	57	0	0
I	M30	1	29	5	3.44827586206897	20
I	M31	0	29	4	0	0
I	M4	1	29	40	3.44827586206897	2.5
I	M5	0	29	46	0	0
I	M6	0	29	36	0	0
I	M7	2	29	46	6.89655172413793	4.34782608695652
I	M8	0	29	38	0	0
I	M9	1	29	43	3.44827586206897	2.32558139534884
I	MZ	0	29	38	0	0
J1	M1	2	26	65	7.69230769230769	3.07692307692308
J1	M10	0	26	38	0	0
J1	M11	0	26	35	0	0
J1	M12	0	26	30	0	0
J1	M13	1	26	32	3.84615384615385	3.125
J1	M14	0	26	23	0	0
J1	M15	3	26	33	11.5384615384615	9.09090909090909
J1	M16	0	26	33	0	0
J1	M17	4	26	27	15.3846153846154	14.8148148148148
J1	M18	3	26	20	11.5384615384615	15
J1	M19	0	26	25	0	0
J1	M2	11	26	47	42.3076923076923	23.4042553191489
J1	M20	0	26	22	0	0
J1	M21	0	26	25	0	0
J1	M22	0	26	31	0	0
J1	M23	0	26	23	0	0
J1	M24	0	26	12	0	0
J1	M25	0	26	9	0	0
J1	M26	0	26	2	0	0
J1	M27	0	26	8	0	0
J1	M28	1	26	10	3.84615384615385	10
J1	M29	0	26	13	0	0
J1	M3	0	26	57	0	0
J1	M30	0	26	5	0	0
J1	M31	0	26	4	0	0
J1	M4	0	26	40	0	0
J1	M5	0	26	46	0	0
J1	M6	0	26	36	0	0
J1	M7	0	26	46	0	0
J1	M8	0	26	38	0	0
J1	M9	0	26	43	0	0
J1	MZ	1	26	38	3.84615384615385	2.63157894736842
J2	M1	6	29	65	20.6896551724138	9.23076923076923
J2	M10	3	29	38	10.3448275862069	7.89473684210526
J2	M11	0	29	35	0	0
J2	M12	0	29	30	0	0
J2	M13	0	29	32	0	0
J2	M14	0	29	23	0	0
J2	M15	1	29	33	3.44827586206897	3.03030303030303
J2	M16	0	29	33	0	0
J2	M17	1	29	27	3.44827586206897	3.7037037037037
J2	M18	0	29	20	0	0
J2	M19	9	29	25	31.0344827586207	36
J2	M2	0	29	47	0	0
J2	M20	0	29	22	0	0
J2	M21	0	29	25	0	0
J2	M22	0	29	31	0	0
J2	M23	0	29	23	0	0
J2	M24	0	29	12	0	0
J2	M25	0	29	9	0	0
J2	M26	0	29	2	0	0
J2	M27	0	29	8	0	0
J2	M28	0	29	10	0	0
J2	M29	0	29	13	0	0
J2	M3	4	29	57	13.7931034482759	7.01754385964912
J2	M30	0	29	5	0	0
J2	M31	0	29	4	0	0
J2	M4	4	29	40	13.7931034482759	10
J2	M5	0	29	46	0	0
J2	M6	0	29	36	0	0
J2	M7	0	29	46	0	0
J2	M8	0	29	38	0	0
J2	M9	0	29	43	0	0
J2	MZ	1	29	38	3.44827586206897	2.63157894736842
K	M1	0	46	65	0	0
K	M10	1	46	38	2.17391304347826	2.63157894736842
K	M11	0	46	35	0	0
K	M12	7	46	30	15.2173913043478	23.3333333333333
K	M13	5	46	32	10.8695652173913	15.625
K	M14	0	46	23	0	0
K	M15	10	46	33	21.7391304347826	30.3030303030303
K	M16	9	46	33	19.5652173913043	27.2727272727273
K	M17	0	46	27	0	0
K	M18	1	46	20	2.17391304347826	5
K	M19	0	46	25	0	0
K	M2	0	46	47	0	0
K	M20	0	46	22	0	0
K	M21	0	46	25	0	0
K	M22	0	46	31	0	0
K	M23	0	46	23	0	0
K	M24	0	46	12	0	0
K	M25	0	46	9	0	0
K	M26	0	46	2	0	0
K	M27	0	46	8	0	0
K	M28	0	46	10	0	0
K	M29	0	46	13	0	0
K	M3	1	46	57	2.17391304347826	1.75438596491228
K	M30	1	46	5	2.17391304347826	20
K	M31	0	46	4	0	0
K	M4	0	46	40	0	0
K	M5	1	46	46	2.17391304347826	2.17391304347826
K	M6	0	46	36	0	0
K	M7	0	46	46	0	0
K	M8	0	46	38	0	0
K	M9	9	46	43	19.5652173913043	20.9302325581395
K	MZ	1	46	38	2.17391304347826	2.63157894736842
L	M1	0	44	65	0	0
L	M10	4	44	38	9.09090909090909	10.5263157894737
L	M11	1	44	35	2.27272727272727	2.85714285714286
L	M12	1	44	30	2.27272727272727	3.33333333333333
L	M13	2	44	32	4.54545454545455	6.25
L	M14	0	44	23	0	0
L	M15	0	44	33	0	0
L	M16	0	44	33	0	0
L	M17	0	44	27	0	0
L	M18	1	44	20	2.27272727272727	5
L	M19	3	44	25	6.81818181818182	12
L	M2	7	44	47	15.9090909090909	14.8936170212766
L	M20	1	44	22	2.27272727272727	4.54545454545455
L	M21	0	44	25	0	0
L	M22	0	44	31	0	0
L	M23	1	44	23	2.27272727272727	4.34782608695652
L	M24	1	44	12	2.27272727272727	8.33333333333333
L	M25	0	44	9	0	0
L	M26	0	44	2	0	0
L	M27	0	44	8	0	0
L	M28	2	44	10	4.54545454545455	20
L	M29	1	44	13	2.27272727272727	7.69230769230769
L	M3	1	44	57	2.27272727272727	1.75438596491228
L	M30	0	44	5	0	0
L	M31	0	44	4	0	0
L	M4	0	44	40	0	0
L	M5	0	44	46	0	0
L	M6	1	44	36	2.27272727272727	2.77777777777778
L	M7	2	44	46	4.54545454545455	4.34782608695652
L	M8	0	44	38	0	0
L	M9	13	44	43	29.5454545454545	30.2325581395349
L	MZ	2	44	38	4.54545454545455	5.26315789473684
M	M1	9	32	65	28.125	13.8461538461538
M	M10	0	32	38	0	0
M	M11	2	32	35	6.25	5.71428571428571
M	M12	0	32	30	0	0
M	M13	0	32	32	0	0
M	M14	0	32	23	0	0
M	M15	0	32	33	0	0
M	M16	0	32	33	0	0
M	M17	0	32	27	0	0
M	M18	0	32	20	0	0
M	M19	1	32	25	3.125	4
M	M2	1	32	47	3.125	2.12765957446809
M	M20	6	32	22	18.75	27.2727272727273
M	M21	2	32	25	6.25	8
M	M22	0	32	31	0	0
M	M23	0	32	23	0	0
M	M24	1	32	12	3.125	8.33333333333333
M	M25	0	32	9	0	0
M	M26	0	32	2	0	0
M	M27	0	32	8	0	0
M	M28	0	32	10	0	0
M	M29	0	32	13	0	0
M	M3	0	32	57	0	0
M	M30	1	32	5	3.125	20
M	M31	0	32	4	0	0
M	M4	0	32	40	0	0
M	M5	0	32	46	0	0
M	M6	0	32	36	0	0
M	M7	1	32	46	3.125	2.17391304347826
M	M8	0	32	38	0	0
M	M9	2	32	43	6.25	4.65116279069767
M	MZ	6	32	38	18.75	15.7894736842105
N	M1	10	37	65	27.027027027027	15.3846153846154
N	M10	0	37	38	0	0
N	M11	0	37	35	0	0
N	M12	0	37	30	0	0
N	M13	0	37	32	0	0
N	M14	0	37	23	0	0
N	M15	0	37	33	0	0
N	M16	0	37	33	0	0
N	M17	12	37	27	32.4324324324324	44.4444444444444
N	M18	5	37	20	13.5135135135135	25
N	M19	0	37	25	0	0
N	M2	7	37	47	18.9189189189189	14.8936170212766
N	M20	0	37	22	0	0
N	M21	1	37	25	2.7027027027027	4
N	M22	0	37	31	0	0
N	M23	0	37	23	0	0
N	M24	0	37	12	0	0
N	M25	0	37	9	0	0
N	M26	0	37	2	0	0
N	M27	0	37	8	0	0
N	M28	0	37	10	0	0
N	M29	0	37	13	0	0
N	M3	0	37	57	0	0
N	M30	0	37	5	0	0
N	M31	0	37	4	0	0
N	M4	1	37	40	2.7027027027027	2.5
N	M5	1	37	46	2.7027027027027	2.17391304347826
N	M6	0	37	36	0	0
N	M7	0	37	46	0	0
N	M8	0	37	38	0	0
N	M9	0	37	43	0	0
N	MZ	0	37	38	0	0
O1	M1	0	24	65	0	0
O1	M10	0	24	38	0	0
O1	M11	2	24	35	8.33333333333333	5.71428571428571
O1	M12	0	24	30	0	0
O1	M13	2	24	32	8.33333333333333	6.25
O1	M14	0	24	23	0	0
O1	M15	0	24	33	0	0
O1	M16	1	24	33	4.16666666666667	3.03030303030303
O1	M17	1	24	27	4.16666666666667	3.7037037037037
O1	M18	0	24	20	0	0
O1	M19	0	24	25	0	0
O1	M2	0	24	47	0	0
O1	M20	1	24	22	4.16666666666667	4.54545454545455
O1	M21	0	24	25	0	0
O1	M22	0	24	31	0	0
O1	M23	4	24	23	16.6666666666667	17.3913043478261
O1	M24	0	24	12	0	0
O1	M25	0	24	9	0	0
O1	M26	0	24	2	0	0
O1	M27	0	24	8	0	0
O1	M28	0	24	10	0	0
O1	M29	1	24	13	4.16666666666667	7.69230769230769
O1	M3	0	24	57	0	0
O1	M30	0	24	5	0	0
O1	M31	0	24	4	0	0
O1	M4	0	24	40	0	0
O1	M5	0	24	46	0	0
O1	M6	1	24	36	4.16666666666667	2.77777777777778
O1	M7	0	24	46	0	0
O1	M8	7	24	38	29.1666666666667	18.4210526315789
O1	M9	1	24	43	4.16666666666667	2.32558139534884
O1	MZ	3	24	38	12.5	7.89473684210526
O2	M1	0	19	65	0	0
O2	M10	1	19	38	5.26315789473684	2.63157894736842
O2	M11	0	19	35	0	0
O2	M12	0	19	30	0	0
O2	M13	2	19	32	10.5263157894737	6.25
O2	M14	0	19	23	0	0
O2	M15	0	19	33	0	0
O2	M16	0	19	33	0	0
O2	M17	1	19	27	5.26315789473684	3.7037037037037
O2	M18	0	19	20	0	0
O2	M19	0	19	25	0	0
O2	M2	0	19	47	0	0
O2	M20	1	19	22	5.26315789473684	4.54545454545455
O2	M21	0	19	25	0	0
O2	M22	0	19	31	0	0
O2	M23	2	19	23	10.5263157894737	8.69565217391304
O2	M24	0	19	12	0	0
O2	M25	0	19	9	0	0
O2	M26	0	19	2	0	0
O2	M27	0	19	8	0	0
O2	M28	0	19	10	0	0
O2	M29	2	19	13	10.5263157894737	15.3846153846154
O2	M3	1	19	57	5.26315789473684	1.75438596491228
O2	M30	0	19	5	0	0
O2	M31	0	19	4	0	0
O2	M4	0	19	40	0	0
O2	M5	0	19	46	0	0
O2	M6	0	19	36	0	0
O2	M7	1	19	46	5.26315789473684	2.17391304347826
O2	M8	6	19	38	31.5789473684211	15.7894736842105
O2	M9	1	19	43	5.26315789473684	2.32558139534884
O2	MZ	1	19	38	5.26315789473684	2.63157894736842
P	M1	2	28	65	7.14285714285714	3.07692307692308
P	M10	1	28	38	3.57142857142857	2.63157894736842
P	M11	0	28	35	0	0
P	M12	0	28	30	0	0
P	M13	1	28	32	3.57142857142857	3.125
P	M14	0	28	23	0	0
P	M15	2	28	33	7.14285714285714	6.06060606060606
P	M16	0	28	33	0	0
P	M17	2	28	27	7.14285714285714	7.40740740740741
P	M18	1	28	20	3.57142857142857	5
P	M19	0	28	25	0	0
P	M2	0	28	47	0	0
P	M20	0	28	22	0	0
P	M21	0	28	25	0	0
P	M22	0	28	31	0	0
P	M23	0	28	23	0	0
P	M24	0	28	12	0	0
P	M25	0	28	9	0	0
P	M26	0	28	2	0	0
P	M27	0	28	8	0	0
P	M28	0	28	10	0	0
P	M29	0	28	13	0	0
P	M3	8	28	57	28.5714285714286	14.0350877192982
P	M30	0	28	5	0	0
P	M31	0	28	4	0	0
P	M4	0	28	40	0	0
P	M5	1	28	46	3.57142857142857	2.17391304347826
P	M6	6	28	36	21.4285714285714	16.6666666666667
P	M7	0	28	46	0	0
P	M8	1	28	38	3.57142857142857	2.63157894736842
P	M9	0	28	43	0	0
P	MZ	3	28	38	10.7142857142857	7.89473684210526
QaxQb	M1	0	15	65	0	0
QaxQb	M10	0	15	38	0	0
QaxQb	M11	0	15	35	0	0
QaxQb	M12	5	15	30	33.3333333333333	16.6666666666667
QaxQb	M13	0	15	32	0	0
QaxQb	M14	0	15	23	0	0
QaxQb	M15	3	15	33	20	9.09090909090909
QaxQb	M16	0	15	33	0	0
QaxQb	M17	0	15	27	0	0
QaxQb	M18	1	15	20	6.66666666666667	5
QaxQb	M19	0	15	25	0	0
QaxQb	M2	0	15	47	0	0
QaxQb	M20	0	15	22	0	0
QaxQb	M21	0	15	25	0	0
QaxQb	M22	0	15	31	0	0
QaxQb	M23	0	15	23	0	0
QaxQb	M24	0	15	12	0	0
QaxQb	M25	0	15	9	0	0
QaxQb	M26	0	15	2	0	0
QaxQb	M27	0	15	8	0	0
QaxQb	M28	0	15	10	0	0
QaxQb	M29	0	15	13	0	0
QaxQb	M3	0	15	57	0	0
QaxQb	M30	1	15	5	6.66666666666667	20
QaxQb	M31	0	15	4	0	0
QaxQb	M4	0	15	40	0	0
QaxQb	M5	2	15	46	13.3333333333333	4.34782608695652
QaxQb	M6	0	15	36	0	0
QaxQb	M7	0	15	46	0	0
QaxQb	M8	0	15	38	0	0
QaxQb	M9	3	15	43	20	6.97674418604651
QaxQb	MZ	0	15	38	0	0
QcxQd	M1	0	14	65	0	0
QcxQd	M10	0	14	38	0	0
QcxQd	M11	0	14	35	0	0
QcxQd	M12	4	14	30	28.5714285714286	13.3333333333333
QcxQd	M13	0	14	32	0	0
QcxQd	M14	0	14	23	0	0
QcxQd	M15	3	14	33	21.4285714285714	9.09090909090909
QcxQd	M16	0	14	33	0	0
QcxQd	M17	0	14	27	0	0
QcxQd	M18	0	14	20	0	0
QcxQd	M19	0	14	25	0	0
QcxQd	M2	0	14	47	0	0
QcxQd	M20	0	14	22	0	0
QcxQd	M21	0	14	25	0	0
QcxQd	M22	1	14	31	7.14285714285714	3.2258064516129
QcxQd	M23	0	14	23	0	0
QcxQd	M24	0	14	12	0	0
QcxQd	M25	0	14	9	0	0
QcxQd	M26	0	14	2	0	0
QcxQd	M27	0	14	8	0	0
QcxQd	M28	0	14	10	0	0
QcxQd	M29	0	14	13	0	0
QcxQd	M3	0	14	57	0	0
QcxQd	M30	0	14	5	0	0
QcxQd	M31	0	14	4	0	0
QcxQd	M4	0	14	40	0	0
QcxQd	M5	1	14	46	7.14285714285714	2.17391304347826
QcxQd	M6	0	14	36	0	0
QcxQd	M7	0	14	46	0	0
QcxQd	M8	0	14	38	0	0
QcxQd	M9	5	14	43	35.7142857142857	11.6279069767442
QcxQd	MZ	0	14	38	0	0
R	M1	2	7	65	28.5714285714286	3.07692307692308
R	M10	0	7	38	0	0
R	M11	0	7	35	0	0
R	M12	0	7	30	0	0
R	M13	0	7	32	0	0
R	M14	0	7	23	0	0
R	M15	2	7	33	28.5714285714286	6.06060606060606
R	M16	0	7	33	0	0
R	M17	0	7	27	0	0
R	M18	0	7	20	0	0
R	M19	0	7	25	0	0
R	M2	0	7	47	0	0
R	M20	0	7	22	0	0
R	M21	0	7	25	0	0
R	M22	1	7	31	14.2857142857143	3.2258064516129
R	M23	0	7	23	0	0
R	M24	0	7	12	0	0
R	M25	0	7	9	0	0
R	M26	0	7	2	0	0
R	M27	0	7	8	0	0
R	M28	0	7	10	0	0
R	M29	0	7	13	0	0
R	M3	0	7	57	0	0
R	M30	0	7	5	0	0
R	M31	0	7	4	0	0
R	M4	1	7	40	14.2857142857143	2.5
R	M5	1	7	46	14.2857142857143	2.17391304347826
R	M6	0	7	36	0	0
R	M7	0	7	46	0	0
R	M8	0	7	38	0	0
R	M9	0	7	43	0	0
R	MZ	0	7	38	0	0
